Year,Primary Age,Partner Age,Investment Strategy,Primary Job Status,Partner Career Stage,Starting Net Worth,Ending Net Worth,Net Worth Increase,Economic Gross Income,Taxes,Federal Tax Estimate,State/Local Tax Estimate,Payroll Tax Estimate,Investment/Rental Tax Drag,High Income Surcharge,Total Taxes,Taxes Before Child Credits,Taxes After Child Credits,Qualifying Children for CTC,Child Tax Credit Estimate,Dependent Care Credit Estimate,Total Child Tax Benefits,Personal Spending,Additional Decision Spending,Additional Spending Breakdown,Primary Job Salary + Bonus,Primary Job Retirement Match,Primary Job Work Factor,Partner Income,Primary Social Security Income,Partner Social Security Income,Total Social Security Income,Child Spending,Core Child Spending,Daycare Spending,Childcare Mode,Daycare Utilization %,Partner Stay-Home Daycare Savings,Au Pair Cost,Daycare Cost Avoided by Au Pair,Net Au Pair vs Daycare Cost,Au Pair Capacity Warning,Children Under 5,Partner Income Impact,Net Household Impact,Number of Children at Home,Number of Children Under 5,Number of Children 18–22,Child / Education Support Spending,Primary Student Loan Balance,Partner Student Loan Balance,Student Loan Payments,Student Loan Interest,Student Loan Forgiveness,Total Student Loan Debt,Existing Rental Cash Flow,New Rental Cash Flow,Total Rental Cash Flow,Gross Rental Income,Existing Portfolio Modeled Cash Flow,Existing Portfolio Cashflow Target,Existing Portfolio Cashflow Difference,Existing Portfolio Property Tax,Existing Portfolio Insurance,Existing Portfolio Other Operating Costs,Existing Portfolio Financing Calibration,Property Management Fee,Vacancy Loss,Maintenance Reserve,Rental Operations Drag,Job Hours / Month,Rental Management Hours / Month,Rental Admin Hours / Month,Outsourced Hours / Month,New House Acquisition Hours / Month,Estimated Hourly Value of Time,Primary Job Hourly Income Proxy,Rental Hourly Value Proxy,House Value Increase,Property Value Shock,Principal Paydown,VOO / Market Gains,Stock Market Shock,Tax Refund / Other,Cash Sources Before Tax/Spend,Surplus Cash After Tax/Spend,Cash Reserve,Cash Reserve Target,Cash Reserve Contribution,Pending Rental Purchase Cash,Rental Purchase Cash Used,Rental Purchase Cash Carried Forward,Cash Drawdown,VOO Drawdown,Unfunded Shortfall / New Consumer Debt,Extra Real Estate Debt Paydown,Surplus to VOO,Surplus to New Rentals,New Rental Property Value Purchased,New Rental Debt Added,Implied New Houses Added,Cumulative New Houses Added,Estimated Rental Property Count,VOO / Investment Balance,Modeled Equity Investment Balance,S&P 500 / Index Fund Balance,Bond Balance,HYSA Cash Balance,Non-Interest Cash Balance,Retirement Account Balance,Other Assets,Total Asset Buckets,Total Debts,Net Worth From Buckets,Existing Real Estate Value,New Rental Real Estate Value,Total Real Estate Value,Existing Real Estate Debt,New Rental Debt,Total Real Estate Debt,Real Estate Equity,Other Net Assets,Balance Sheet Net Worth,Balance Sheet Reconciliation Difference,Historical Reconciliation / Residual,Rental LTV,Debt-to-Income Proxy,Refinance Event,Refinance Gross Cash-Out,Refinance Debt Added,Refinance Cost,Refinance Net Proceeds,Refinance Proceeds to Cash Reserve,Refinance Proceeds to Debt,Refinance Proceeds to VOO,Refinance Proceeds to Rentals,Refinance Interest Drag,Partial Sale Event,Partial Sale Costs,Partial Sale Net Proceeds to VOO,Liquidation Event,Liquidation Gross Equity,Liquidation Gross Proceeds,Liquidation Costs,Liquidation Net Proceeds to VOO,Life Load Hours / Month,Dollar Basis Factor
2026,35,34,VOO/S&P 500,Working,Partner career,157500.0,173361.2,15861.200000000012,126750.00000000001,31858.8,20016.0,3336.0,8506.8,0.0,0.0,31858.8,31858.8,31858.8,0.0,0.0,0.0,0.0,79030.0,0.0,,77000.0,3500.0,1.0,34200.0,0.0,0.0,0.0,0.0,0.0,0.0,Daycare / paid childcare,100.0,0.0,0.0,0.0,0.0,,0.0,0.0,34200.0,0,0,0,0.0,0.0,0.0,0.0,0.0,0.0,0.0,0.0,0.0,0.0,0.0,0.0,0.0,0.0,0.0,0.0,0.0,0.0,0.0,0.0,0.0,0.0,173.33333333333334,0.0,2.0,0.0,0.0,60.24239543726237,37.01923076923077,0.0,0.0,0.0,0.0,12050.0,0.0,0.0,111200.0,311.1999999999971,10811.199999999997,19757.5,311.1999999999971,0.0,0.0,0.0,0.0,0.0,0.0,0.0,0.0,0.0,0.0,0.0,0.0,0.0,0.0,136050.0,136050.0,47000.0,7500.0,7500.0,3000.0,73500.0,19000.0,157500.0,0.0,157500.0,0.0,0.0,0.0,0.0,0.0,0.0,0.0,26500.0,173361.2,0.0,0.0,0.0,0.0,False,0.0,0.0,0.0,0.0,0.0,0.0,0.0,0.0,0.0,False,0.0,0.0,False,0.0,0.0,0.0,0.0,175.33333333333334,1.0
2027,36,35,VOO/S&P 500,Working,Partner career,173361.2,190891.73599999998,17530.535999999964,131745.99999999997,32814.564,20616.48,3436.08,8762.003999999999,0.0,0.0,32814.564,32814.564,32814.564,0.0,0.0,0.0,0.0,81400.90000000001,1.4551915228366852e-11,,79310.0,3605.0,1.0,35226.0,0.0,0.0,0.0,0.0,0.0,0.0,Daycare / paid childcare,100.0,0.0,0.0,0.0,0.0,,0.0,0.0,35226.0,0,0,0,0.0,0.0,0.0,0.0,0.0,0.0,0.0,0.0,0.0,0.0,0.0,0.0,0.0,0.0,0.0,0.0,0.0,0.0,0.0,0.0,0.0,0.0,173.33333333333334,0.0,2.0,0.0,0.0,62.61692015209124,38.12980769230769,0.0,0.0,0.0,0.0,13605.0,0.0,0.0,114536.0,320.5359999999928,11131.73599999999,20350.225000000002,320.5359999999928,0.0,0.0,0.0,0.0,0.0,0.0,0.0,0.0,0.0,0.0,0.0,0.0,0.0,0.0,153260.0,153260.0,51700.00000000001,7725.0,7800.0,3000.0,80850.0,19000.0,157500.0,0.0,157500.0,0.0,0.0,0.0,0.0,0.0,0.0,0.0,26500.0,190891.73599999998,0.0,0.0,0.0,0.0,False,0.0,0.0,0.0,0.0,0.0,0.0,0.0,0.0,0.0,False,0.0,0.0,False,0.0,0.0,0.0,0.0,175.33333333333334,1.0
2028,37,36,VOO/S&P 500,Working,Partner career,190891.73599999998,210261.03807999997,19369.302079999994,137011.23,33799.00092,21234.9744,3539.1623999999997,9024.86412,0.0,0.0,33799.00092,33799.00092,33799.00092,0.0,0.0,0.0,0.0,83842.92700000001,1.4551915228366852e-11,,81689.3,3713.1499999999996,1.0,36282.78,0.0,0.0,0.0,0.0,0.0,0.0,Daycare / paid childcare,100.0,0.0,0.0,0.0,0.0,,0.0,0.0,36282.78,0,0,0,0.0,0.0,0.0,0.0,0.0,0.0,0.0,0.0,0.0,0.0,0.0,0.0,0.0,0.0,0.0,0.0,0.0,0.0,0.0,0.0,0.0,0.0,173.33333333333334,0.0,2.0,0.0,0.0,65.11940589353613,39.27370192307693,0.0,0.0,0.0,0.0,15326.0,0.0,0.0,117972.08,330.1520799999853,11461.888079999975,20960.731750000003,330.1520799999853,0.0,0.0,0.0,0.0,0.0,0.0,0.0,0.0,0.0,0.0,0.0,0.0,0.0,0.0,172299.15,172299.15,56870.00000000001,7956.75,8112.000000000001,3000.0,88935.00000000001,19000.0,157500.0,0.0,157500.0,0.0,0.0,0.0,0.0,0.0,0.0,0.0,26500.0,210261.03807999997,0.0,0.0,0.0,0.0,False,0.0,0.0,0.0,0.0,0.0,0.0,0.0,0.0,0.0,False,0.0,0.0,False,0.0,0.0,0.0,0.0,175.33333333333334,1.0
2029,38,37,VOO/S&P 500,Working,Partner career,210261.03807999997,231655.55422239995,21394.51614239998,142565.7019,34812.97094759999,21872.023631999997,3645.3372719999993,9295.6100436,0.0,0.0,34812.97094759999,34812.97094759999,34812.97094759999,0.0,0.0,0.0,0.0,86358.21481,0.0,,84139.97899999999,3824.5445,1.0,37371.2634,0.0,0.0,0.0,0.0,0.0,0.0,Daycare / paid childcare,100.0,0.0,0.0,0.0,0.0,,0.0,0.0,37371.2634,0,0,0,0.0,0.0,0.0,0.0,0.0,0.0,0.0,0.0,0.0,0.0,0.0,0.0,0.0,0.0,0.0,0.0,0.0,0.0,0.0,0.0,0.0,0.0,173.33333333333334,0.0,2.0,0.0,0.0,67.75936402091254,40.45191298076923,0.0,0.0,0.0,0.0,17229.915,0.0,0.0,121511.24239999999,340.0566423999844,11801.94472239996,21589.5537025,340.0566423999844,0.0,0.0,0.0,0.0,0.0,0.0,0.0,0.0,0.0,0.0,0.0,0.0,0.0,0.0,193353.6095,193353.6095,62557.00000000002,8195.4525,8436.480000000001,3000.0,97828.50000000003,19000.0,157500.0,0.0,157500.0,0.0,0.0,0.0,0.0,0.0,0.0,0.0,26500.0,231655.55422239995,0.0,0.0,0.0,0.0,False,0.0,0.0,0.0,0.0,0.0,0.0,0.0,0.0,0.0,False,0.0,0.0,False,0.0,0.0,0.0,0.0,175.33333333333334,1.0
2030,39,38,VOO/S&P 500,Working,Partner career,231655.55422239995,255280.45434907195,23624.900126672,148431.22145700004,35857.36007602801,22528.184340960004,3754.6973901600004,9574.478344908002,0.0,0.0,35857.36007602801,35857.36007602801,35857.36007602801,0.0,0.0,0.0,0.0,88948.96125430003,1.4551915228366852e-11,,86664.17837000001,3939.2808350000005,1.0,38492.401302000006,0.0,0.0,0.0,0.0,0.0,0.0,Daycare / paid childcare,100.0,0.0,0.0,0.0,0.0,,0.0,0.0,38492.401302000006,0,0,0,0.0,0.0,0.0,0.0,0.0,0.0,0.0,0.0,0.0,0.0,0.0,0.0,0.0,0.0,0.0,0.0,0.0,0.0,0.0,0.0,0.0,0.0,173.33333333333334,0.0,2.0,0.0,0.0,70.54715848716732,41.66547037019231,0.0,0.0,0.0,0.0,19335.36095,0.0,0.0,125156.57967200002,350.2583416719863,12152.203064071946,22237.240313575006,350.2583416719863,0.0,0.0,0.0,0.0,0.0,0.0,0.0,0.0,0.0,0.0,0.0,0.0,0.0,0.0,216628.251285,216628.251285,68812.70000000001,8441.316075,8773.9392,3000.0,107611.35000000003,19000.0,157500.0,0.0,157500.0,0.0,0.0,0.0,0.0,0.0,0.0,0.0,26500.0,255280.45434907195,0.0,0.0,0.0,0.0,False,0.0,0.0,0.0,0.0,0.0,0.0,0.0,0.0,0.0,False,0.0,0.0,False,0.0,0.0,0.0,0.0,175.33333333333334,1.0
2031,40,39,VOO/S&P 500,Working,Partner career,255280.45434907195,281361.5048295441,26081.050480472157,154631.56145071003,36933.080878308836,23204.0298711888,3867.3383118648,9861.712695255239,0.0,0.0,36933.080878308836,36933.080878308836,36933.080878308836,0.0,0.0,0.0,0.0,91617.43009192903,2.9103830456733704e-11,,89264.1037211,4057.45926005,1.0,39647.17334106,0.0,0.0,0.0,0.0,0.0,0.0,Daycare / paid childcare,100.0,0.0,0.0,0.0,0.0,,0.0,0.0,39647.17334106,0,0,0,0.0,0.0,0.0,0.0,0.0,0.0,0.0,0.0,0.0,0.0,0.0,0.0,0.0,0.0,0.0,0.0,0.0,0.0,0.0,0.0,0.0,0.0,173.33333333333334,0.0,2.0,0.0,0.0,73.49408814197244,42.91543448129807,0.0,0.0,0.0,0.0,21662.8251285,0.0,0.0,128911.27706215999,360.76609192212345,12512.96915599407,22904.357522982256,360.76609192212345,0.0,0.0,0.0,0.0,0.0,0.0,0.0,0.0,0.0,0.0,0.0,0.0,0.0,0.0,242348.53567355,242348.53567355,75693.97000000003,8694.55555725,9124.896768,3000.0,118372.48500000004,19000.0,157500.0,0.0,157500.0,0.0,0.0,0.0,0.0,0.0,0.0,0.0,26500.0,281361.5048295441,0.0,0.0,0.0,0.0,False,0.0,0.0,0.0,0.0,0.0,0.0,0.0,0.0,0.0,False,0.0,0.0,False,0.0,0.0,0.0,0.0,175.33333333333334,1.0
2032,41,40,VOO/S&P 500,Working,Partner career,281361.5048295441,310147.1305094304,28785.625679886318,161192.6519792313,38041.07330465811,23900.150767324467,3983.358461220744,10157.564076112898,0.0,0.0,38041.07330465811,38041.07330465811,38041.07330465811,0.0,0.0,0.0,0.0,94365.95299468687,0.0,,91942.02683273301,4179.183037851501,1.0,40836.58854129181,0.0,0.0,0.0,0.0,0.0,0.0,Daycare / paid childcare,100.0,0.0,0.0,0.0,0.0,,0.0,0.0,40836.58854129181,0,0,0,0.0,0.0,0.0,0.0,0.0,0.0,0.0,0.0,0.0,0.0,0.0,0.0,0.0,0.0,0.0,0.0,0.0,0.0,0.0,0.0,0.0,0.0,173.33333333333334,0.0,2.0,0.0,0.0,76.61247717644073,44.20289751573703,0.0,0.0,0.0,0.0,24234.853567355003,0.0,0.0,132778.6153740248,371.589074679825,12884.558230673894,23591.488248671718,371.589074679825,0.0,0.0,0.0,0.0,0.0,0.0,0.0,0.0,0.0,0.0,0.0,0.0,0.0,0.0,270762.57227875653,270762.57227875653,83263.36700000004,8955.392223967501,9489.892638720003,3000.0,130209.73350000006,19000.0,157500.0,0.0,157500.0,0.0,0.0,0.0,0.0,0.0,0.0,0.0,26500.0,310147.1305094304,0.0,0.0,0.0,0.0,False,0.0,0.0,0.0,0.0,0.0,0.0,0.0,0.0,0.0,False,0.0,0.0,False,0.0,0.0,0.0,0.0,175.33333333333334,1.0
2033,42,41,VOO/S&P 500,Working,Partner career,310147.1305094304,341910.68301321333,31763.552503782907,168142.78959210828,39182.30550379785,24617.1552903442,4102.859215057367,10462.290998396285,0.0,0.0,39182.30550379785,39182.30550379785,39182.30550379785,0.0,0.0,0.0,0.0,97196.93158452751,1.4551915228366852e-11,,94700.287637715,4304.558528987046,1.0,42061.68619753056,0.0,0.0,0.0,0.0,0.0,0.0,Daycare / paid childcare,100.0,0.0,0.0,0.0,0.0,,0.0,0.0,42061.68619753056,0,0,0,0.0,0.0,0.0,0.0,0.0,0.0,0.0,0.0,0.0,0.0,0.0,0.0,0.0,0.0,0.0,0.0,0.0,0.0,0.0,0.0,0.0,0.0,173.33333333333334,0.0,2.0,0.0,0.0,79.915774520964,45.52898444120913,0.0,0.0,0.0,0.0,27076.257227875656,0.0,0.0,136761.97383524556,382.7367469201854,13267.29497759408,24299.232896131878,382.7367469201854,0.0,0.0,0.0,0.0,0.0,0.0,0.0,0.0,0.0,0.0,0.0,0.0,0.0,0.0,302143.3880356192,302143.3880356192,91589.70370000006,9224.053990686527,9869.488344268802,3000.0,143230.70685000008,19000.0,157500.0,0.0,157500.0,0.0,0.0,0.0,0.0,0.0,0.0,0.0,26500.0,341910.68301321333,0.0,0.0,0.0,0.0,False,0.0,0.0,0.0,0.0,0.0,0.0,0.0,0.0,0.0,False,0.0,0.0,False,0.0,0.0,0.0,0.0,175.33333333333334,1.0
2034,43,42,VOO/S&P 500,Working,Partner career,341910.68301321333,376952.9359509597,35042.25293774635,175512.86713872149,40357.774668911785,25355.669949054525,4225.944991509088,10776.159728348173,0.0,0.0,40357.774668911785,40357.774668911785,40357.774668911785,0.0,0.0,0.0,0.0,100112.83953206334,2.9103830456733704e-11,,97541.29626684646,4433.695284856657,1.0,43323.53678345648,0.0,0.0,0.0,0.0,0.0,0.0,Daycare / paid childcare,100.0,0.0,0.0,0.0,0.0,,0.0,0.0,43323.53678345648,0,0,0,0.0,0.0,0.0,0.0,0.0,0.0,0.0,0.0,0.0,0.0,0.0,0.0,0.0,0.0,0.0,0.0,0.0,0.0,0.0,0.0,0.0,0.0,173.33333333333334,0.0,2.0,0.0,0.0,83.41866308874596,46.89485397444541,0.0,0.0,0.0,0.0,30214.338803561925,0.0,0.0,140864.83305030293,394.2188493277936,13661.513826921873,25028.209883015836,394.2188493277936,0.0,0.0,0.0,0.0,0.0,0.0,0.0,0.0,0.0,0.0,0.0,0.0,0.0,0.0,336791.4221240378,336791.4221240378,100748.67407000007,9500.775610407123,10264.267878039554,3000.0,157553.77753500012,19000.0,157500.0,0.0,157500.0,0.0,0.0,0.0,0.0,0.0,0.0,0.0,26500.0,376952.9359509597,0.0,0.0,0.0,0.0,False,0.0,0.0,0.0,0.0,0.0,0.0,0.0,0.0,0.0,False,0.0,0.0,False,0.0,0.0,0.0,0.0,175.33333333333334,1.0
2035,44,43,VOO/S&P 500,Working,Partner career,376952.9359509597,415604.8297215735,38651.893770613824,183336.6263976182,41568.50790897914,26116.340047526166,4352.723341254361,11099.44452019862,0.0,0.0,41568.50790897914,41568.50790897914,41568.50790897914,0.0,0.0,0.0,0.0,103116.22471802523,0.0,,100467.53515485185,4566.706143402357,1.0,44623.24288696018,0.0,0.0,0.0,0.0,0.0,0.0,Daycare / paid childcare,100.0,0.0,0.0,0.0,0.0,,0.0,0.0,44623.24288696018,0,0,0,0.0,0.0,0.0,0.0,0.0,0.0,0.0,0.0,0.0,0.0,0.0,0.0,0.0,0.0,0.0,0.0,0.0,0.0,0.0,0.0,0.0,0.0,173.33333333333334,0.0,2.0,0.0,0.0,87.13717984677672,48.30169959367878,0.0,0.0,0.0,0.0,33679.142212403785,0.0,0.0,145090.77804181204,406.0454148076533,14067.559241729527,25779.05617950631,406.0454148076533,0.0,0.0,0.0,0.0,0.0,0.0,0.0,0.0,0.0,0.0,0.0,0.0,0.0,0.0,375037.27047984395,375037.27047984395,110823.5414770001,9785.798878719337,10674.838593161137,3000.0,173309.15528850013,19000.0,157500.0,0.0,157500.0,0.0,0.0,0.0,0.0,0.0,0.0,0.0,26500.0,415604.8297215735,0.0,0.0,0.0,0.0,False,0.0,0.0,0.0,0.0,0.0,0.0,0.0,0.0,0.0,False,0.0,0.0,False,0.0,0.0,0.0,0.0,175.33333333333334,1.0
2036,45,44,VOO/S&P 500,Working,Partner career,415604.8297215735,458230.4908745142,42625.66115294071,191650.9357587552,42815.56314624852,26899.83024895195,4483.305041491992,11432.427855804577,0.0,0.0,42815.56314624852,42815.56314624852,42815.56314624852,0.0,0.0,0.0,0.0,106209.71145956598,0.0,,103481.5612094974,4703.707327704427,1.0,45961.94017356898,0.0,0.0,0.0,0.0,0.0,0.0,Daycare / paid childcare,100.0,0.0,0.0,0.0,0.0,,0.0,0.0,45961.94017356898,0,0,0,0.0,0.0,0.0,0.0,0.0,0.0,0.0,0.0,0.0,0.0,0.0,0.0,0.0,0.0,0.0,0.0,0.0,0.0,0.0,0.0,0.0,0.0,173.33333333333334,0.0,2.0,0.0,0.0,91.08884779408517,49.750750581489136,0.0,0.0,0.0,0.0,37503.727047984394,0.0,0.0,149443.50138306638,418.22677725189715,14485.786018981424,26552.427864891495,418.22677725189715,0.0,0.0,0.0,0.0,0.0,0.0,0.0,0.0,0.0,0.0,0.0,0.0,0.0,0.0,417244.7048555328,417244.7048555328,121905.8956247001,10079.372845080916,11101.832136887582,3000.0,190640.07081735018,19000.0,157500.0,0.0,157500.0,0.0,0.0,0.0,0.0,0.0,0.0,0.0,26500.0,458230.4908745142,0.0,0.0,0.0,0.0,False,0.0,0.0,0.0,0.0,0.0,0.0,0.0,0.0,0.0,False,0.0,0.0,False,0.0,0.0,0.0,0.0,175.33333333333334,1.0
2037,46,45,VOO/S&P 500,Working,Partner career,458230.4908745142,505230.5534881725,47000.06261365826,200496.09545764723,44100.03004063598,27706.82515642051,4617.804192736751,11775.400691478717,0.0,0.0,44100.03004063598,44100.03004063598,44100.03004063598,0.0,0.0,0.0,0.0,109396.00280335297,1.4551915228366852e-11,,106586.00804578234,4844.81854753556,1.0,47340.79837877605,0.0,0.0,0.0,0.0,0.0,0.0,Daycare / paid childcare,100.0,0.0,0.0,0.0,0.0,,0.0,0.0,47340.79837877605,0,0,0,0.0,0.0,0.0,0.0,0.0,0.0,0.0,0.0,0.0,0.0,0.0,0.0,0.0,0.0,0.0,0.0,0.0,0.0,0.0,0.0,0.0,0.0,173.33333333333334,0.0,2.0,0.0,0.0,95.29282103500344,51.24327309893381,0.0,0.0,0.0,0.0,41724.470485553284,0.0,0.0,153926.8064245584,430.77358056945377,14916.559599550877,27349.000700838245,430.77358056945377,0.0,0.0,0.0,0.0,0.0,0.0,0.0,0.0,0.0,0.0,0.0,0.0,0.0,0.0,463813.9938886216,463813.9938886216,134096.48518717012,10381.754030433345,11545.905422363086,3000.0,209704.07789908518,19000.0,157500.0,0.0,157500.0,0.0,0.0,0.0,0.0,0.0,0.0,0.0,26500.0,505230.5534881725,0.0,0.0,0.0,0.0,False,0.0,0.0,0.0,0.0,0.0,0.0,0.0,0.0,0.0,False,0.0,0.0,False,0.0,0.0,0.0,0.0,175.33333333333334,1.0
2038,47,46,VOO/S&P 500,Working,Partner career,505230.5534881725,557045.8127689828,51815.259280810365,209916.17311011895,45423.03094185506,28538.029911113124,4756.338318518854,12128.662712223078,0.0,0.0,45423.03094185506,45423.03094185506,45423.03094185506,0.0,0.0,0.0,0.0,112677.88288745354,0.0,,109783.5882871558,4990.163103961628,1.0,48761.022330139334,0.0,0.0,0.0,0.0,0.0,0.0,Daycare / paid childcare,100.0,0.0,0.0,0.0,0.0,,0.0,0.0,48761.022330139334,0,0,0,0.0,0.0,0.0,0.0,0.0,0.0,0.0,0.0,0.0,0.0,0.0,0.0,0.0,0.0,0.0,0.0,0.0,0.0,0.0,0.0,0.0,0.0,173.33333333333334,0.0,2.0,0.0,0.0,99.77004425385881,52.78057129190183,0.0,0.0,0.0,0.0,46381.39938886216,0.0,0.0,158544.61061729514,443.69678798655514,15360.256387537433,28169.470721863385,443.69678798655514,0.0,0.0,0.0,0.0,0.0,0.0,0.0,0.0,0.0,0.0,0.0,0.0,0.0,0.0,515185.55638144544,515185.55638144544,147506.13370588716,10693.206651346345,12007.74163925761,3000.0,230674.48568899374,19000.0,157500.0,0.0,157500.0,0.0,0.0,0.0,0.0,0.0,0.0,0.0,26500.0,557045.8127689828,0.0,0.0,0.0,0.0,False,0.0,0.0,0.0,0.0,0.0,0.0,0.0,0.0,0.0,False,0.0,0.0,False,0.0,0.0,0.0,0.0,175.33333333333334,1.0
2039,48,47,VOO/S&P 500,Working,Partner career,557045.8127689828,614161.244095834,57115.43132685113,219959.37257103904,46785.72187011071,29394.170808446517,4899.02846807442,12492.52259358977,0.0,0.0,46785.72187011071,46785.72187011071,46785.72187011071,0.0,0.0,0.0,0.0,116058.21937407719,2.9103830456733704e-11,,113077.09593577049,5139.867997080477,1.0,50223.85300004351,0.0,0.0,0.0,0.0,0.0,0.0,Daycare / paid childcare,100.0,0.0,0.0,0.0,0.0,,0.0,0.0,50223.85300004351,0,0,0,0.0,0.0,0.0,0.0,0.0,0.0,0.0,0.0,0.0,0.0,0.0,0.0,0.0,0.0,0.0,0.0,0.0,0.0,0.0,0.0,0.0,0.0,173.33333333333334,0.0,2.0,0.0,0.0,104.54342802806038,54.363988430658885,0.0,0.0,0.0,0.0,51518.55563814455,0.0,0.0,163300.948935814,457.00769162608776,15817.26407916352,29014.554843519298,457.00769162608776,0.0,0.0,0.0,0.0,0.0,0.0,0.0,0.0,0.0,0.0,0.0,0.0,0.0,0.0,571843.9800166704,571843.9800166704,162256.74707647588,11014.002850886736,12488.051304827915,3000.0,253741.93425789312,19000.0,157500.0,0.0,157500.0,0.0,0.0,0.0,0.0,0.0,0.0,0.0,26500.0,614161.244095834,0.0,0.0,0.0,0.0,False,0.0,0.0,0.0,0.0,0.0,0.0,0.0,0.0,0.0,False,0.0,0.0,False,0.0,0.0,0.0,0.0,175.33333333333334,1.0
2040,49,48,VOO/S&P 500,Working,Partner career,614161.244095834,677110.4240568688,62949.179961034795,230678.43944254832,48189.29352621404,30275.99593269992,5045.999322116653,12867.298271397467,0.0,0.0,48189.29352621404,48189.29352621404,48189.29352621404,0.0,0.0,0.0,0.0,119539.96595529949,0.0,,116469.40881384362,5294.0640369928915,1.0,51730.56859004483,0.0,0.0,0.0,0.0,0.0,0.0,Daycare / paid childcare,100.0,0.0,0.0,0.0,0.0,,0.0,0.0,51730.56859004483,0,0,0,0.0,0.0,0.0,0.0,0.0,0.0,0.0,0.0,0.0,0.0,0.0,0.0,0.0,0.0,0.0,0.0,0.0,0.0,0.0,0.0,0.0,0.0,173.33333333333334,0.0,2.0,0.0,0.0,109.63804156014653,55.994908083578665,0.0,0.0,0.0,0.0,57184.39800166705,0.0,0.0,168199.97740388845,470.7179223749263,16287.982001538447,29884.991488824875,470.7179223749263,0.0,0.0,0.0,0.0,0.0,0.0,0.0,0.0,0.0,0.0,0.0,0.0,0.0,0.0,634322.4420553304,634322.4420553304,178482.42178412346,11344.422936413339,12987.573357021032,3000.0,279116.1276836825,19000.0,157500.0,0.0,157500.0,0.0,0.0,0.0,0.0,0.0,0.0,0.0,26500.0,677110.4240568688,0.0,0.0,0.0,0.0,False,0.0,0.0,0.0,0.0,0.0,0.0,0.0,0.0,0.0,False,0.0,0.0,False,0.0,0.0,0.0,0.0,175.33333333333334,1.0
2041,50,49,VOO/S&P 500,Working,Partner career,677110.4240568688,746480.3936805507,69369.96962368197,242131.10688964088,49634.972332000456,31184.275810680916,5197.379301780153,13253.317219539389,0.0,0.0,49634.972332000456,49634.972332000456,49634.972332000456,0.0,0.0,0.0,0.0,123126.16493395845,0.0,,119963.49107825891,5452.885958102678,1.0,53282.485647746165,0.0,0.0,0.0,0.0,0.0,0.0,Daycare / paid childcare,100.0,0.0,0.0,0.0,0.0,,0.0,0.0,53282.485647746165,0,0,0,0.0,0.0,0.0,0.0,0.0,0.0,0.0,0.0,0.0,0.0,0.0,0.0,0.0,0.0,0.0,0.0,0.0,0.0,0.0,0.0,0.0,0.0,173.33333333333334,0.0,2.0,0.0,0.0,115.08132456731981,57.674755326086014,0.0,0.0,0.0,0.0,63432.24420553304,0.0,0.0,173245.9767260051,484.8394600461761,16772.821461584623,30781.541233489617,484.8394600461761,0.0,0.0,0.0,0.0,0.0,0.0,0.0,0.0,0.0,0.0,0.0,0.0,0.0,0.0,703207.5722189661,703207.5722189661,196330.66396253585,11684.755624505739,13507.076291301873,3000.0,307027.74045205076,19000.0,157500.0,0.0,157500.0,0.0,0.0,0.0,0.0,0.0,0.0,0.0,26500.0,746480.3936805507,0.0,0.0,0.0,0.0,False,0.0,0.0,0.0,0.0,0.0,0.0,0.0,0.0,0.0,False,0.0,0.0,False,0.0,0.0,0.0,0.0,175.33333333333334,1.0
2042,51,50,VOO/S&P 500,Working,Partner career,746480.3936805507,822917.0080831406,76436.61440258985,254380.58578652755,51124.02150196047,32119.804085001346,5353.300680833558,13650.916736125571,0.0,0.0,51124.02150196047,51124.02150196047,51124.02150196047,0.0,0.0,0.0,0.0,126819.94988197724,1.4551915228366852e-11,,123562.39581060669,5616.472536845758,1.0,54880.96021717856,0.0,0.0,0.0,0.0,0.0,0.0,Daycare / paid childcare,100.0,0.0,0.0,0.0,0.0,,0.0,0.0,54880.96021717856,0,0,0,0.0,0.0,0.0,0.0,0.0,0.0,0.0,0.0,0.0,0.0,0.0,0.0,0.0,0.0,0.0,0.0,0.0,0.0,0.0,0.0,0.0,0.0,173.33333333333334,0.0,2.0,0.0,0.0,120.90332024074503,59.4049979858686,0.0,0.0,0.0,0.0,70320.75722189661,0.0,0.0,178443.35602778525,499.38464384753024,17272.206105432153,31704.987470494307,499.38464384753024,0.0,0.0,0.0,0.0,0.0,0.0,0.0,0.0,0.0,0.0,0.0,0.0,0.0,0.0,779144.8019777085,779144.8019777085,215963.73035878944,12035.298293240912,14047.359342953949,3000.0,337730.5144972558,19000.0,157500.0,0.0,157500.0,0.0,0.0,0.0,0.0,0.0,0.0,0.0,26500.0,822917.0080831406,0.0,0.0,0.0,0.0,False,0.0,0.0,0.0,0.0,0.0,0.0,0.0,0.0,0.0,False,0.0,0.0,False,0.0,0.0,0.0,0.0,175.33333333333334,1.0
2043,52,51,VOO/S&P 500,Working,Partner career,822917.0080831406,907130.8211770256,84213.81309388496,267496.1036193408,52657.74214701929,33083.398207551385,5513.899701258564,14060.444238209338,0.0,0.0,52657.74214701929,52657.74214701929,52657.74214701929,0.0,0.0,0.0,0.0,130624.54837843656,2.9103830456733704e-11,,127269.26768492488,5784.966712951132,1.0,56527.38902369391,0.0,0.0,0.0,0.0,0.0,0.0,Daycare / paid childcare,100.0,0.0,0.0,0.0,0.0,,0.0,0.0,56527.38902369391,0,0,0,0.0,0.0,0.0,0.0,0.0,0.0,0.0,0.0,0.0,0.0,0.0,0.0,0.0,0.0,0.0,0.0,0.0,0.0,0.0,0.0,0.0,0.0,173.33333333333334,0.0,2.0,0.0,0.0,127.13693137801368,61.187147925444656,0.0,0.0,0.0,0.0,77914.48019777086,0.0,0.0,183796.6567086188,514.3661831629579,17786.57228859511,32656.13709460914,514.3661831629579,0.0,0.0,0.0,0.0,0.0,0.0,0.0,0.0,0.0,0.0,0.0,0.0,0.0,0.0,862844.2488884304,862844.2488884304,237560.1033946684,12396.357242038139,14609.253716672109,3000.0,371503.5659469815,19000.0,157500.0,0.0,157500.0,0.0,0.0,0.0,0.0,0.0,0.0,0.0,26500.0,907130.8211770256,0.0,0.0,0.0,0.0,False,0.0,0.0,0.0,0.0,0.0,0.0,0.0,0.0,0.0,False,0.0,0.0,False,0.0,0.0,0.0,0.0,175.33333333333334,1.0
2044,53,52,VOO/S&P 500,Working,Partner career,907130.8211770256,999903.558948866,92772.73777184042,281553.49701305997,54237.47441142987,34075.900153777926,5679.316692296321,14482.25756535562,0.0,0.0,54237.47441142987,54237.47441142987,54237.47441142987,0.0,0.0,0.0,0.0,134543.28482978969,2.9103830456733704e-11,,131087.34571547265,5958.515714339666,1.0,58223.210694404734,0.0,0.0,0.0,0.0,0.0,0.0,Daycare / paid childcare,100.0,0.0,0.0,0.0,0.0,,0.0,0.0,58223.210694404734,0,0,0,0.0,0.0,0.0,0.0,0.0,0.0,0.0,0.0,0.0,0.0,0.0,0.0,0.0,0.0,0.0,0.0,0.0,0.0,0.0,0.0,0.0,0.0,173.33333333333334,0.0,2.0,0.0,0.0,133.81820200240492,63.022762363208,0.0,0.0,0.0,0.0,86284.42488884304,0.0,0.0,189310.55640987738,529.7971686578239,18316.369457252935,33635.82120744742,529.7971686578239,0.0,0.0,0.0,0.0,0.0,0.0,0.0,0.0,0.0,0.0,0.0,0.0,0.0,0.0,955087.1894916131,955087.1894916131,261316.11373413526,12768.247959299284,15193.623865338994,3000.0,408653.92254167964,19000.0,157500.0,0.0,157500.0,0.0,0.0,0.0,0.0,0.0,0.0,0.0,26500.0,999903.558948866,0.0,0.0,0.0,0.0,False,0.0,0.0,0.0,0.0,0.0,0.0,0.0,0.0,0.0,False,0.0,0.0,False,0.0,0.0,0.0,0.0,175.33333333333334,1.0
2045,54,53,VOO/S&P 500,Working,Partner career,999903.558948866,1102095.2401675147,102191.68121864868,296635.86323710484,55864.59864377276,35098.17715839126,5849.6961930652105,14916.725292316289,0.0,0.0,55864.59864377276,55864.59864377276,55864.59864377276,0.0,0.0,0.0,0.0,138579.58337468337,2.9103830456733704e-11,,135019.96608693682,6137.271185769856,1.0,59969.90701523687,0.0,0.0,0.0,0.0,0.0,0.0,Daycare / paid childcare,100.0,0.0,0.0,0.0,0.0,,0.0,0.0,59969.90701523687,0,0,0,0.0,0.0,0.0,0.0,0.0,0.0,0.0,0.0,0.0,0.0,0.0,0.0,0.0,0.0,0.0,0.0,0.0,0.0,0.0,0.0,0.0,0.0,173.33333333333334,0.0,2.0,0.0,0.0,140.9866270138331,64.91344523410424,0.0,0.0,0.0,0.0,95508.71894916131,0.0,0.0,194989.8731021737,545.6910837175674,18862.060540970502,34644.89584367084,545.6910837175674,0.0,0.0,0.0,0.0,0.0,0.0,0.0,0.0,0.0,0.0,0.0,0.0,0.0,0.0,1056733.1796265442,1056733.1796265442,287447.7251075488,13151.295398078262,15801.368819952553,3000.0,449519.31479584763,19000.0,157500.0,0.0,157500.0,0.0,0.0,0.0,0.0,0.0,0.0,0.0,26500.0,1102095.2401675147,0.0,0.0,0.0,0.0,False,0.0,0.0,0.0,0.0,0.0,0.0,0.0,0.0,0.0,False,0.0,0.0,False,0.0,0.0,0.0,0.0,175.33333333333334,1.0
2046,55,54,VOO/S&P 500,Working,Partner career,1102095.2401675147,1214652.0092677413,112556.7691002267,312834.2765792365,57540.53660308595,36151.122473143005,6025.187078857168,15364.227051085778,0.0,0.0,57540.53660308595,57540.53660308595,57540.53660308595,0.0,0.0,0.0,0.0,142736.97087592384,0.0,,139070.56506954494,6321.389321342952,1.0,61769.004225693985,0.0,0.0,0.0,0.0,0.0,0.0,Daycare / paid childcare,100.0,0.0,0.0,0.0,0.0,,0.0,0.0,61769.004225693985,0,0,0,0.0,0.0,0.0,0.0,0.0,0.0,0.0,0.0,0.0,0.0,0.0,0.0,0.0,0.0,0.0,0.0,0.0,0.0,0.0,0.0,0.0,0.0,173.33333333333334,0.0,2.0,0.0,0.0,148.6854926707398,66.86084859112738,0.0,0.0,0.0,0.0,105673.31796265443,0.0,0.0,200839.56929523894,562.0618162291357,19424.122357199638,35684.24271898096,562.0618162291357,0.0,0.0,0.0,0.0,0.0,0.0,0.0,0.0,0.0,0.0,0.0,0.0,0.0,0.0,1168727.8869105417,1168727.8869105417,316192.4976183037,13545.83426002061,16433.423572750657,3000.0,494471.2462754324,19000.0,157500.0,0.0,157500.0,0.0,0.0,0.0,0.0,0.0,0.0,0.0,26500.0,1214652.0092677413,0.0,0.0,0.0,0.0,False,0.0,0.0,0.0,0.0,0.0,0.0,0.0,0.0,0.0,False,0.0,0.0,False,0.0,0.0,0.0,0.0,175.33333333333334,1.0
2047,56,55,VOO/S&P 500,Working,Partner career,1214652.0092677413,1338614.7526304945,123962.74336275319,330248.5760661333,59266.75270117853,37235.65614733729,6205.942691222883,15825.15386261835,0.0,0.0,59266.75270117853,59266.75270117853,59266.75270117853,0.0,0.0,0.0,0.0,147019.08000220155,0.0,,143242.68202163128,6511.03100098324,1.0,63622.074352464806,0.0,0.0,0.0,0.0,0.0,0.0,Daycare / paid childcare,100.0,0.0,0.0,0.0,0.0,,0.0,0.0,63622.074352464806,0,0,0,0.0,0.0,0.0,0.0,0.0,0.0,0.0,0.0,0.0,0.0,0.0,0.0,0.0,0.0,0.0,0.0,0.0,0.0,0.0,0.0,0.0,0.0,173.33333333333334,0.0,2.0,0.0,0.0,156.9622509820025,68.86667404886119,0.0,0.0,0.0,0.0,116872.78869105417,0.0,0.0,206864.7563740961,578.9236707160017,20003.04602791564,36754.77000055039,578.9236707160017,0.0,0.0,0.0,0.0,0.0,0.0,0.0,0.0,0.0,0.0,0.0,0.0,0.0,0.0,1292111.706602579,1292111.706602579,347811.7473801341,13952.20928782123,17090.760515660684,3000.0,543918.3709029757,19000.0,157500.0,0.0,157500.0,0.0,0.0,0.0,0.0,0.0,0.0,0.0,26500.0,1338614.7526304945,0.0,0.0,0.0,0.0,False,0.0,0.0,0.0,0.0,0.0,0.0,0.0,0.0,0.0,False,0.0,0.0,False,0.0,0.0,0.0,0.0,175.33333333333334,1.0
2048,57,56,VOO/S&P 500,Working,Partner career,1338614.7526304945,1475128.5766026028,136513.8239721083,348988.2316565898,61044.75528221389,38352.725831757416,6392.12097195957,16299.908478496904,0.0,0.0,61044.75528221389,61044.75528221389,61044.75528221389,0.0,0.0,0.0,0.0,151429.65240226762,0.0,,147539.96248228024,6706.361931012738,1.0,65530.73658303875,0.0,0.0,0.0,0.0,0.0,0.0,Daycare / paid childcare,100.0,0.0,0.0,0.0,0.0,,0.0,0.0,65530.73658303875,0,0,0,0.0,0.0,0.0,0.0,0.0,0.0,0.0,0.0,0.0,0.0,0.0,0.0,0.0,0.0,0.0,0.0,0.0,0.0,0.0,0.0,0.0,0.0,173.33333333333334,0.0,2.0,0.0,0.0,165.86893139571757,70.93267427032704,0.0,0.0,0.0,0.0,129211.1706602579,0.0,0.0,213070.699065319,596.2913808375015,20599.33740875314,37857.413100566904,596.2913808375015,0.0,0.0,0.0,0.0,0.0,0.0,0.0,0.0,0.0,0.0,0.0,0.0,0.0,0.0,1428029.2391938497,1428029.2391938497,382592.92211814754,14370.775566455866,17774.39093628711,3000.0,598310.2079932733,19000.0,157500.0,0.0,157500.0,0.0,0.0,0.0,0.0,0.0,0.0,0.0,26500.0,1475128.5766026028,0.0,0.0,0.0,0.0,False,0.0,0.0,0.0,0.0,0.0,0.0,0.0,0.0,0.0,False,0.0,0.0,False,0.0,0.0,0.0,0.0,175.33333333333334,1.0
2049,58,57,VOO/S&P 500,Working,Partner career,1475128.5766026028,1625453.2334331935,150324.65683059068,369173.29674560664,62876.09794068031,39503.30760671014,6583.884601118357,16788.90573285181,0.0,0.0,62876.09794068031,62876.09794068031,62876.09794068031,0.0,0.0,0.0,0.0,155972.54197433565,0.0,,151966.16135674866,6907.5527889431205,1.0,67496.65868052992,0.0,0.0,0.0,0.0,0.0,0.0,Daycare / paid childcare,100.0,0.0,0.0,0.0,0.0,,0.0,0.0,67496.65868052992,0,0,0,0.0,0.0,0.0,0.0,0.0,0.0,0.0,0.0,0.0,0.0,0.0,0.0,0.0,0.0,0.0,0.0,0.0,0.0,0.0,0.0,0.0,0.0,173.33333333333334,0.0,2.0,0.0,0.0,175.46259351026933,73.06065449843686,0.0,0.0,0.0,0.0,142802.92391938498,0.0,0.0,219462.82003727858,614.1801222626236,21213.517531015765,38993.13549358391,614.1801222626236,0.0,0.0,0.0,0.0,0.0,0.0,0.0,0.0,0.0,0.0,0.0,0.0,0.0,0.0,1577739.7159021778,1577739.7159021778,420852.2143299623,14801.898833449543,18485.366573738596,3000.0,658141.2287926007,19000.0,157500.0,0.0,157500.0,0.0,0.0,0.0,0.0,0.0,0.0,0.0,26500.0,1625453.2334331935,0.0,0.0,0.0,0.0,False,0.0,0.0,0.0,0.0,0.0,0.0,0.0,0.0,0.0,False,0.0,0.0,False,0.0,0.0,0.0,0.0,175.33333333333334,1.0
2050,59,58,VOO/S&P 500,Working,Partner career,1625453.2334331935,1790974.5899219532,165521.35648875963,390935.4556012261,64762.38087890072,40688.406834911446,6781.401139151907,17292.572904837365,0.0,0.0,64762.38087890072,64762.38087890072,64762.38087890072,0.0,0.0,0.0,0.0,160651.71823356574,0.0,,156525.1461974511,7114.779372611414,1.0,69521.55844094582,0.0,0.0,0.0,0.0,0.0,0.0,Daycare / paid childcare,100.0,0.0,0.0,0.0,0.0,,0.0,0.0,69521.55844094582,0,0,0,0.0,0.0,0.0,0.0,0.0,0.0,0.0,0.0,0.0,0.0,0.0,0.0,0.0,0.0,0.0,0.0,0.0,0.0,0.0,0.0,0.0,0.0,173.33333333333334,0.0,2.0,0.0,0.0,185.8058249055257,75.25247413338995,0.0,0.0,0.0,0.0,157773.97159021778,0.0,0.0,226046.7046383969,632.6055259304412,21846.123056946206,40162.929558391435,632.6055259304412,0.0,0.0,0.0,0.0,0.0,0.0,0.0,0.0,0.0,0.0,0.0,0.0,0.0,0.0,1742628.466865007,1742628.466865007,462937.4357629586,15245.955798453031,19224.78123668814,3000.0,723955.3516718608,19000.0,157500.0,0.0,157500.0,0.0,0.0,0.0,0.0,0.0,0.0,0.0,26500.0,1790974.5899219532,0.0,0.0,0.0,0.0,False,0.0,0.0,0.0,0.0,0.0,0.0,0.0,0.0,0.0,False,0.0,0.0,False,0.0,0.0,0.0,0.0,175.33333333333334,1.0
2051,60,59,VOO/S&P 500,Working,Partner career,1790974.5899219532,1973217.2430539522,182242.65313199908,414419.1752178395,66705.25230526773,41909.05903995879,6984.843173326464,17811.350091982484,0.0,0.0,66705.25230526773,66705.25230526773,66705.25230526773,0.0,0.0,0.0,0.0,165471.26978057268,0.0,,161220.90058337463,7328.222753789756,1.0,71607.2051941742,0.0,0.0,0.0,0.0,0.0,0.0,Daycare / paid childcare,100.0,0.0,0.0,0.0,0.0,,0.0,0.0,71607.2051941742,0,0,0,0.0,0.0,0.0,0.0,0.0,0.0,0.0,0.0,0.0,0.0,0.0,0.0,0.0,0.0,0.0,0.0,0.0,0.0,0.0,0.0,0.0,0.0,173.33333333333334,0.0,2.0,0.0,0.0,196.96728860163472,77.51004835739165,0.0,0.0,0.0,0.0,174262.8466865007,0.0,0.0,232828.10577754883,651.5836917084234,22497.70674865463,41367.81744514317,651.5836917084234,0.0,0.0,0.0,0.0,0.0,0.0,0.0,0.0,0.0,0.0,0.0,0.0,0.0,0.0,1924219.5363052976,1924219.5363052976,509231.17933925457,15703.334472406621,19993.772486155667,3000.0,796350.886839047,19000.0,157500.0,0.0,157500.0,0.0,0.0,0.0,0.0,0.0,0.0,0.0,26500.0,1973217.2430539522,0.0,0.0,0.0,0.0,False,0.0,0.0,0.0,0.0,0.0,0.0,0.0,0.0,0.0,False,0.0,0.0,False,0.0,0.0,0.0,0.0,175.33333333333334,1.0
2052,61,60,VOO/S&P 500,Working,Partner career,1973217.2430539522,2173858.3973233453,200641.15426939307,439782.97201780876,68706.40987442578,43166.33081115755,7194.388468526259,18345.690594741962,0.0,0.0,68706.40987442578,68706.40987442578,68706.40987442578,0.0,0.0,0.0,0.0,170435.4078739899,0.0,,166057.52760087588,7548.06943640345,1.0,73755.42134999942,0.0,0.0,0.0,0.0,0.0,0.0,Daycare / paid childcare,100.0,0.0,0.0,0.0,0.0,,0.0,0.0,73755.42134999942,0,0,0,0.0,0.0,0.0,0.0,0.0,0.0,0.0,0.0,0.0,0.0,0.0,0.0,0.0,0.0,0.0,0.0,0.0,0.0,0.0,0.0,0.0,0.0,173.33333333333334,0.0,2.0,0.0,0.0,209.02232510352127,79.8353498081134,0.0,0.0,0.0,0.0,192421.95363052978,0.0,0.0,239812.94895087532,671.1312024596264,23168.837951114256,42608.851968497474,671.1312024596264,0.0,0.0,0.0,0.0,0.0,0.0,0.0,0.0,0.0,0.0,0.0,0.0,0.0,0.0,2124189.559372231,2124189.559372231,560154.29727318,16174.43450657882,20793.523385601893,3000.0,875985.9755229517,19000.0,157500.0,0.0,157500.0,0.0,0.0,0.0,0.0,0.0,0.0,0.0,26500.0,2173858.3973233453,0.0,0.0,0.0,0.0,False,0.0,0.0,0.0,0.0,0.0,0.0,0.0,0.0,0.0,False,0.0,0.0,False,0.0,0.0,0.0,0.0,175.33333333333334,1.0
2053,62,61,VOO/S&P 500,Working,Partner career,2173858.3973233453,2394743.129918597,220884.73259525187,467200.80487612,70767.60217065856,44461.320735492285,7410.220122582047,18896.06131258422,0.0,0.0,70767.60217065856,70767.60217065856,70767.60217065856,0.0,0.0,0.0,0.0,175548.4701102096,0.0,,171039.2534289022,7774.511519495553,1.0,75968.0839904994,0.0,0.0,0.0,0.0,0.0,0.0,Daycare / paid childcare,100.0,0.0,0.0,0.0,0.0,,0.0,0.0,75968.0839904994,0,0,0,0.0,0.0,0.0,0.0,0.0,0.0,0.0,0.0,0.0,0.0,0.0,0.0,0.0,0.0,0.0,0.0,0.0,0.0,0.0,0.0,0.0,0.0,173.33333333333334,0.0,2.0,0.0,0.0,222.0536144848479,82.23041030235682,0.0,0.0,0.0,0.0,212418.9559372231,0.0,0.0,247007.3374194016,691.265138533432,23860.103089647688,43887.1175275524,691.265138533432,0.0,0.0,0.0,0.0,0.0,0.0,0.0,0.0,0.0,0.0,0.0,0.0,0.0,0.0,2344383.0268289493,2344383.0268289493,616169.7270004981,16659.667541776187,21625.26432102597,3000.0,963584.573075247,19000.0,157500.0,0.0,157500.0,0.0,0.0,0.0,0.0,0.0,0.0,0.0,26500.0,2394743.129918597,0.0,0.0,0.0,0.0,False,0.0,0.0,0.0,0.0,0.0,0.0,0.0,0.0,0.0,False,0.0,0.0,False,0.0,0.0,0.0,0.0,175.33333333333334,1.0
2054,63,62,VOO/S&P 500,Working,Partner career,2394743.129918597,2637901.182559262,243158.05264066486,496863.60708995897,72890.63023577831,45795.160357557055,7632.52672625951,19462.94315196175,0.0,0.0,72890.63023577831,72890.63023577831,72890.63023577831,0.0,0.0,0.0,0.0,180814.92421351586,0.0,,176170.43103176926,8007.74686508042,1.0,78247.1265102144,0.0,0.0,0.0,0.0,0.0,0.0,Daycare / paid childcare,100.0,0.0,0.0,0.0,0.0,,0.0,0.0,78247.1265102144,0,0,0,0.0,0.0,0.0,0.0,0.0,0.0,0.0,0.0,0.0,0.0,0.0,0.0,0.0,0.0,0.0,0.0,0.0,0.0,0.0,0.0,0.0,0.0,173.33333333333334,0.0,2.0,0.0,0.0,236.15190451043676,84.69732261142752,0.0,0.0,0.0,0.0,234438.30268289495,0.0,0.0,254417.55754198367,712.0030926894979,24572.106182337186,45203.731053378964,712.0030926894979,0.0,0.0,0.0,0.0,0.0,0.0,0.0,0.0,0.0,0.0,0.0,0.0,0.0,0.0,2586829.0763769248,2586829.0763769248,677786.699700548,17159.457568029473,22490.274893867012,3000.0,1059943.0303827717,19000.0,157500.0,0.0,157500.0,0.0,0.0,0.0,0.0,0.0,0.0,0.0,26500.0,2637901.182559262,0.0,0.0,0.0,0.0,False,0.0,0.0,0.0,0.0,0.0,0.0,0.0,0.0,0.0,False,0.0,0.0,False,0.0,0.0,0.0,0.0,175.33333333333334,1.0
2055,64,63,VOO/S&P 500,Working,Partner career,2637901.182559262,2905565.4326534574,267664.25009419536,528980.9711769684,75077.34914285166,47169.01516828377,7861.502528047295,20046.831446520602,0.0,0.0,75077.34914285166,75077.34914285166,75077.34914285166,0.0,0.0,0.0,0.0,186239.37193992137,0.0,,181455.54396272232,8247.979271032833,1.0,80594.54030552083,0.0,0.0,0.0,0.0,0.0,0.0,Daycare / paid childcare,100.0,0.0,0.0,0.0,0.0,,0.0,0.0,80594.54030552083,0,0,0,0.0,0.0,0.0,0.0,0.0,0.0,0.0,0.0,0.0,0.0,0.0,0.0,0.0,0.0,0.0,0.0,0.0,0.0,0.0,0.0,0.0,0.0,173.33333333333334,0.0,2.0,0.0,0.0,251.41681139589753,87.23824228977035,0.0,0.0,0.0,0.0,258682.9076376925,0.0,0.0,262050.08426824317,733.363185470138,25305.469367807324,46559.84298498034,733.363185470138,0.0,0.0,0.0,0.0,0.0,0.0,0.0,0.0,0.0,0.0,0.0,0.0,0.0,0.0,2853759.96328565,2853759.96328565,745565.3696706027,17674.241295070355,23389.88588962169,3000.0,1165937.333421049,19000.0,157500.0,0.0,157500.0,0.0,0.0,0.0,0.0,0.0,0.0,0.0,26500.0,2905565.4326534574,0.0,0.0,0.0,0.0,False,0.0,0.0,0.0,0.0,0.0,0.0,0.0,0.0,0.0,False,0.0,0.0,False,0.0,0.0,0.0,0.0,175.33333333333334,1.0
2056,65,64,VOO/S&P 500,Working,Partner career,2905565.4326534574,3200192.2117122207,294626.7790587633,563783.0017740194,77329.6696171372,48584.08562333227,8097.347603888712,20648.236389916216,0.0,0.0,77329.6696171372,77329.6696171372,77329.6696171372,0.0,0.0,0.0,0.0,191826.55309811898,0.0,,186899.21028160397,8495.418649163817,1.0,83012.37651468645,0.0,0.0,0.0,0.0,0.0,0.0,Daycare / paid childcare,100.0,0.0,0.0,0.0,0.0,,0.0,0.0,83012.37651468645,0,0,0,0.0,0.0,0.0,0.0,0.0,0.0,0.0,0.0,0.0,0.0,0.0,0.0,0.0,0.0,0.0,0.0,0.0,0.0,0.0,0.0,0.0,0.0,173.33333333333334,0.0,2.0,0.0,0.0,267.957700462937,89.85538955846344,0.0,0.0,0.0,0.0,285375.996328565,0.0,0.0,269911.5867962904,755.3640810342622,26060.833448841586,47956.638274529745,755.3640810342622,0.0,0.0,0.0,0.0,0.0,0.0,0.0,0.0,0.0,0.0,0.0,0.0,0.0,0.0,3147631.378263379,3147631.378263379,820121.906637663,18204.468533922467,24325.48132520656,3000.0,1282531.066763154,19000.0,157500.0,0.0,157500.0,0.0,0.0,0.0,0.0,0.0,0.0,0.0,26500.0,3200192.2117122207,0.0,0.0,0.0,0.0,False,0.0,0.0,0.0,0.0,0.0,0.0,0.0,0.0,0.0,False,0.0,0.0,False,0.0,0.0,0.0,0.0,175.33333333333334,1.0
2057,66,65,VOO/S&P 500,Working,Stay-at-home / income stopped,3200192.2117122207,3463477.445188137,263285.2334759161,516019.6056250286,55153.02245804992,34651.11358620937,5775.185597701563,14726.723274138985,0.0,0.0,55153.02245804992,55153.02245804992,55153.02245804992,0.0,0.0,0.0,0.0,197581.34969106255,0.0,,192506.1865900521,8750.281208638731,1.0,0.0,0.0,0.0,0.0,0.0,0.0,0.0,Daycare / paid childcare,0.0,0.0,0.0,0.0,0.0,,0.0,0.0,0.0,0,0,0,0.0,0.0,0.0,0.0,0.0,0.0,0.0,0.0,0.0,0.0,0.0,0.0,0.0,0.0,0.0,0.0,0.0,0.0,0.0,0.0,0.0,0.0,173.33333333333334,0.0,2.0,0.0,0.0,245.25646655181967,92.55105124521735,0.0,0.0,0.0,0.0,314763.13782633794,0.0,0.0,192506.1865900521,0.0,26060.833448841586,49395.33742276564,0.0,0.0,0.0,0.0,0.0,60228.185559060366,0.0,0.0,0.0,0.0,0.0,0.0,0.0,0.0,0.0,3410916.611739295,3410916.611739295,902134.0973014295,18750.60258994014,25298.500578214826,3000.0,1410784.1734394697,19000.0,157500.0,0.0,157500.0,0.0,0.0,0.0,0.0,0.0,0.0,0.0,26500.0,3463477.445188137,0.0,0.0,0.0,0.0,False,0.0,0.0,0.0,0.0,0.0,0.0,0.0,0.0,0.0,False,0.0,0.0,False,0.0,0.0,0.0,0.0,175.33333333333334,1.0
2058,67,66,VOO/S&P 500,Retired from primary job,Stay-at-home / income stopped,3463477.445188137,3601060.3161802716,137582.8709921348,341091.6611739293,0.0,0.0,0.0,0.0,0.0,0.0,0.0,0.0,0.0,0.0,0.0,0.0,0.0,203508.7901817945,2.9103830456733704e-11,,0.0,0.0,0.0,0.0,0.0,0.0,0.0,0.0,0.0,0.0,Daycare / paid childcare,0.0,0.0,0.0,0.0,0.0,,0.0,0.0,0.0,0,0,0,0.0,0.0,0.0,0.0,0.0,0.0,0.0,0.0,0.0,0.0,0.0,0.0,0.0,0.0,0.0,0.0,0.0,0.0,0.0,0.0,0.0,0.0,0.0,0.0,2.0,0.0,0.0,14212.15254891372,0.0,0.0,0.0,0.0,0.0,341091.6611739295,0.0,0.0,0.0,0.0,26060.833448841586,50877.197545448624,0.0,0.0,0.0,0.0,0.0,203508.7901817945,0.0,0.0,0.0,0.0,0.0,0.0,0.0,0.0,0.0,3548499.48273143,3548499.48273143,992347.5070315725,19313.120667638344,26310.440601343416,3000.0,1551862.5907834165,19000.0,157500.0,0.0,157500.0,0.0,0.0,0.0,0.0,0.0,0.0,0.0,26500.0,3601060.3161802716,0.0,0.0,0.0,0.0,False,0.0,0.0,0.0,0.0,0.0,0.0,0.0,0.0,0.0,False,0.0,0.0,False,0.0,0.0,0.0,0.0,2.0,1.0
2059,68,67,VOO/S&P 500,Retired from primary job,Stay-at-home / income stopped,3601060.3161802716,3746296.2105661663,145235.89438589476,354849.94827314303,0.0,0.0,0.0,0.0,0.0,0.0,0.0,0.0,0.0,0.0,0.0,0.0,0.0,209614.05388724827,0.0,,0.0,0.0,0.0,0.0,0.0,0.0,0.0,0.0,0.0,0.0,Daycare / paid childcare,0.0,0.0,0.0,0.0,0.0,,0.0,0.0,0.0,0,0,0,0.0,0.0,0.0,0.0,0.0,0.0,0.0,0.0,0.0,0.0,0.0,0.0,0.0,0.0,0.0,0.0,0.0,0.0,0.0,0.0,0.0,0.0,0.0,0.0,2.0,0.0,0.0,14785.414511380959,0.0,0.0,0.0,0.0,0.0,354849.94827314303,0.0,0.0,0.0,0.0,26060.833448841586,52403.51347181207,0.0,0.0,0.0,0.0,0.0,209614.05388724827,0.0,0.0,0.0,0.0,0.0,0.0,0.0,0.0,0.0,3693735.3771173246,3693735.3771173246,1091582.25773473,19892.514287667498,27362.858225397158,3000.0,1707048.8498617583,19000.0,157500.0,0.0,157500.0,0.0,0.0,0.0,0.0,0.0,0.0,0.0,26500.0,3746296.2105661663,0.0,0.0,0.0,0.0,False,0.0,0.0,0.0,0.0,0.0,0.0,0.0,0.0,0.0,False,0.0,0.0,False,0.0,0.0,0.0,0.0,2.0,1.0
2060,69,68,VOO/S&P 500,Retired from primary job,Stay-at-home / income stopped,3746296.2105661663,3899767.2727740332,153471.06220786693,369373.5377117327,0.0,0.0,0.0,0.0,0.0,0.0,0.0,0.0,0.0,0.0,0.0,0.0,0.0,215902.47550386577,2.9103830456733704e-11,,0.0,0.0,0.0,0.0,0.0,0.0,0.0,0.0,0.0,0.0,Daycare / paid childcare,0.0,0.0,0.0,0.0,0.0,,0.0,0.0,0.0,0,0,0,0.0,0.0,0.0,0.0,0.0,0.0,0.0,0.0,0.0,0.0,0.0,0.0,0.0,0.0,0.0,0.0,0.0,0.0,0.0,0.0,0.0,0.0,0.0,0.0,2.0,0.0,0.0,15390.564071322195,0.0,0.0,0.0,0.0,0.0,369373.5377117325,0.0,0.0,0.0,0.0,26060.833448841586,53975.61887596644,0.0,0.0,0.0,0.0,0.0,215902.47550386577,0.0,0.0,0.0,0.0,0.0,0.0,0.0,0.0,0.0,3847206.4393251915,3847206.4393251915,1200740.483508203,20489.28971629752,28457.372554413043,3000.0,1877753.7348479345,19000.0,157500.0,0.0,157500.0,0.0,0.0,0.0,0.0,0.0,0.0,0.0,26500.0,3899767.2727740332,0.0,0.0,0.0,0.0,False,0.0,0.0,0.0,0.0,0.0,0.0,0.0,0.0,0.0,False,0.0,0.0,False,0.0,0.0,0.0,0.0,2.0,1.0
2061,70,69,VOO/S&P 500,Retired from primary job,Stay-at-home / income stopped,3899767.2727740332,4062108.3669375707,162341.0941635375,384720.6439325192,0.0,0.0,0.0,0.0,0.0,0.0,0.0,0.0,0.0,0.0,0.0,0.0,0.0,222379.5497689817,0.0,,0.0,0.0,0.0,0.0,0.0,0.0,0.0,0.0,0.0,0.0,Daycare / paid childcare,0.0,0.0,0.0,0.0,0.0,,0.0,0.0,0.0,0,0,0,0.0,0.0,0.0,0.0,0.0,0.0,0.0,0.0,0.0,0.0,0.0,0.0,0.0,0.0,0.0,0.0,0.0,0.0,0.0,0.0,0.0,0.0,0.0,0.0,2.0,0.0,0.0,16030.026830521632,0.0,0.0,0.0,0.0,0.0,384720.6439325192,0.0,0.0,0.0,0.0,26060.833448841586,55594.887442245425,0.0,0.0,0.0,0.0,0.0,222379.5497689817,0.0,0.0,0.0,0.0,0.0,0.0,0.0,0.0,0.0,4009547.533488729,4009547.533488729,1320814.5318590235,21103.968407786448,29595.667456589566,3000.0,2065529.1083327283,19000.0,157500.0,0.0,157500.0,0.0,0.0,0.0,0.0,0.0,0.0,0.0,26500.0,4062108.3669375707,0.0,0.0,0.0,0.0,False,0.0,0.0,0.0,0.0,0.0,0.0,0.0,0.0,0.0,False,0.0,0.0,False,0.0,0.0,0.0,0.0,2.0,1.0
2062,71,70,VOO/S&P 500,Retired from primary job,Stay-at-home / income stopped,4062108.3669375707,4234012.184024393,171903.8170868219,400954.7533488731,0.0,0.0,0.0,0.0,0.0,0.0,0.0,0.0,0.0,0.0,0.0,0.0,0.0,229050.93626205125,2.9103830456733704e-11,,0.0,0.0,0.0,0.0,0.0,0.0,0.0,0.0,0.0,0.0,Daycare / paid childcare,0.0,0.0,0.0,0.0,0.0,,0.0,0.0,0.0,0,0,0,0.0,0.0,0.0,0.0,0.0,0.0,0.0,0.0,0.0,0.0,0.0,0.0,0.0,0.0,0.0,0.0,0.0,0.0,0.0,0.0,0.0,0.0,0.0,0.0,2.0,0.0,0.0,16706.448056203048,0.0,0.0,0.0,0.0,0.0,400954.75334887294,0.0,0.0,0.0,0.0,26060.833448841586,57262.73406551282,0.0,0.0,0.0,0.0,0.0,229050.93626205125,0.0,0.0,0.0,0.0,0.0,0.0,0.0,0.0,0.0,4181451.350575551,4181451.350575551,1452895.985044926,21737.087460020044,30779.49415485315,3000.0,2272082.019166001,19000.0,157500.0,0.0,157500.0,0.0,0.0,0.0,0.0,0.0,0.0,0.0,26500.0,4234012.184024393,0.0,0.0,0.0,0.0,False,0.0,0.0,0.0,0.0,0.0,0.0,0.0,0.0,0.0,False,0.0,0.0,False,0.0,0.0,0.0,0.0,2.0,1.0
2063,72,71,VOO/S&P 500,Retired from primary job,Stay-at-home / income stopped,4234012.184024393,4416234.854732035,182222.6707076421,418145.1350575548,0.0,0.0,0.0,0.0,0.0,0.0,0.0,0.0,0.0,0.0,0.0,0.0,0.0,235922.46434991274,0.0,,0.0,0.0,0.0,0.0,0.0,0.0,0.0,0.0,0.0,0.0,Daycare / paid childcare,0.0,0.0,0.0,0.0,0.0,,0.0,0.0,0.0,0,0,0,0.0,0.0,0.0,0.0,0.0,0.0,0.0,0.0,0.0,0.0,0.0,0.0,0.0,0.0,0.0,0.0,0.0,0.0,0.0,0.0,0.0,0.0,0.0,0.0,2.0,0.0,0.0,17422.71396073145,0.0,0.0,0.0,0.0,0.0,418145.1350575551,0.0,0.0,0.0,0.0,26060.833448841586,58980.616087478185,0.0,0.0,0.0,0.0,0.0,235922.46434991274,0.0,0.0,0.0,0.0,0.0,0.0,0.0,0.0,0.0,4363674.0212831935,4363674.0212831935,1598185.5835494185,22389.200083820644,32010.673921047273,3000.0,2499290.221082601,19000.0,157500.0,0.0,157500.0,0.0,0.0,0.0,0.0,0.0,0.0,0.0,26500.0,4416234.854732035,0.0,0.0,0.0,0.0,False,0.0,0.0,0.0,0.0,0.0,0.0,0.0,0.0,0.0,False,0.0,0.0,False,0.0,0.0,0.0,0.0,2.0,1.0
2064,73,72,VOO/S&P 500,Retired from primary job,Stay-at-home / income stopped,4416234.854732035,4609602.118579944,193367.26384790894,436367.40212831914,0.0,0.0,0.0,0.0,0.0,0.0,0.0,0.0,0.0,0.0,0.0,0.0,0.0,243000.13828041017,2.9103830456733704e-11,,0.0,0.0,0.0,0.0,0.0,0.0,0.0,0.0,0.0,0.0,Daycare / paid childcare,0.0,0.0,0.0,0.0,0.0,,0.0,0.0,0.0,0,0,0,0.0,0.0,0.0,0.0,0.0,0.0,0.0,0.0,0.0,0.0,0.0,0.0,0.0,0.0,0.0,0.0,0.0,0.0,0.0,0.0,0.0,0.0,0.0,0.0,2.0,0.0,0.0,18181.975088679963,0.0,0.0,0.0,0.0,0.0,436367.4021283194,0.0,0.0,0.0,0.0,26060.833448841586,60750.034570102536,0.0,0.0,0.0,0.0,0.0,243000.13828041017,0.0,0.0,0.0,0.0,0.0,0.0,0.0,0.0,0.0,4557041.285131102,4557041.285131102,1758004.1419043606,23060.876086335265,33291.10087788916,3000.0,2749219.243190862,19000.0,157500.0,0.0,157500.0,0.0,0.0,0.0,0.0,0.0,0.0,0.0,26500.0,4609602.118579944,0.0,0.0,0.0,0.0,False,0.0,0.0,0.0,0.0,0.0,0.0,0.0,0.0,0.0,False,0.0,0.0,False,0.0,0.0,0.0,0.0,2.0,1.0
2065,74,73,VOO/S&P 500,Retired from primary job,Stay-at-home / income stopped,4609602.118579944,4815016.104664231,205413.98608428705,455704.1285131094,0.0,0.0,0.0,0.0,0.0,0.0,0.0,0.0,0.0,0.0,0.0,0.0,0.0,250290.14242882238,0.0,,0.0,0.0,0.0,0.0,0.0,0.0,0.0,0.0,0.0,0.0,Daycare / paid childcare,0.0,0.0,0.0,0.0,0.0,,0.0,0.0,0.0,0,0,0,0.0,0.0,0.0,0.0,0.0,0.0,0.0,0.0,0.0,0.0,0.0,0.0,0.0,0.0,0.0,0.0,0.0,0.0,0.0,0.0,0.0,0.0,0.0,0.0,2.0,0.0,0.0,18987.67202137956,0.0,0.0,0.0,0.0,0.0,455704.1285131103,0.0,0.0,0.0,0.0,26060.833448841586,62572.53560720559,0.0,0.0,0.0,0.0,0.0,250290.14242882238,0.0,0.0,0.0,0.0,0.0,0.0,0.0,0.0,0.0,4762455.2712153895,4762455.2712153895,1933804.5560947969,23752.702368925322,34622.74491300474,3000.0,3024141.167509948,19000.0,157500.0,0.0,157500.0,0.0,0.0,0.0,0.0,0.0,0.0,0.0,26500.0,4815016.104664231,0.0,0.0,0.0,0.0,False,0.0,0.0,0.0,0.0,0.0,0.0,0.0,0.0,0.0,False,0.0,0.0,False,0.0,0.0,0.0,0.0,2.0,1.0
2066,75,74,VOO/S&P 500,Retired from primary job,Stay-at-home / income stopped,4815016.104664231,5033462.785084083,218446.68041985203,476245.5271215391,0.0,0.0,0.0,0.0,0.0,0.0,0.0,0.0,0.0,0.0,0.0,0.0,0.0,257798.8467016871,0.0,,0.0,0.0,0.0,0.0,0.0,0.0,0.0,0.0,0.0,0.0,Daycare / paid childcare,0.0,0.0,0.0,0.0,0.0,,0.0,0.0,0.0,0,0,0,0.0,0.0,0.0,0.0,0.0,0.0,0.0,0.0,0.0,0.0,0.0,0.0,0.0,0.0,0.0,0.0,0.0,0.0,0.0,0.0,0.0,0.0,0.0,0.0,2.0,0.0,0.0,19843.56363006413,0.0,0.0,0.0,0.0,0.0,476245.527121539,0.0,0.0,0.0,0.0,26060.833448841586,64449.711675421786,0.0,0.0,0.0,0.0,0.0,257798.8467016871,0.0,0.0,0.0,0.0,0.0,0.0,0.0,0.0,0.0,4980901.9516352415,4980901.9516352415,2127185.011704277,24465.283439993083,36007.654709524926,3000.0,3326555.2842609435,19000.0,157500.0,0.0,157500.0,0.0,0.0,0.0,0.0,0.0,0.0,0.0,26500.0,5033462.785084083,0.0,0.0,0.0,0.0,False,0.0,0.0,0.0,0.0,0.0,0.0,0.0,0.0,0.0,False,0.0,0.0,False,0.0,0.0,0.0,0.0,2.0,1.0
2067,76,75,VOO/S&P 500,Retired from primary job,Stay-at-home / income stopped,5033462.785084083,5266020.168144869,232557.38306078594,498090.19516352366,0.0,0.0,0.0,0.0,0.0,0.0,0.0,0.0,0.0,0.0,0.0,0.0,0.0,265532.8121027377,0.0,,0.0,0.0,0.0,0.0,0.0,0.0,0.0,0.0,0.0,0.0,Daycare / paid childcare,0.0,0.0,0.0,0.0,0.0,,0.0,0.0,0.0,0,0,0,0.0,0.0,0.0,0.0,0.0,0.0,0.0,0.0,0.0,0.0,0.0,0.0,0.0,0.0,0.0,0.0,0.0,0.0,0.0,0.0,0.0,0.0,0.0,0.0,2.0,0.0,0.0,20753.758131813487,0.0,0.0,0.0,0.0,0.0,498090.1951635242,0.0,0.0,0.0,0.0,26060.833448841586,66383.20302568443,0.0,0.0,0.0,0.0,0.0,265532.8121027377,0.0,0.0,0.0,0.0,0.0,0.0,0.0,0.0,0.0,5213459.334696027,5213459.334696027,2339903.5128747043,25199.241943192876,37447.96089790593,3000.0,3659210.812687038,19000.0,157500.0,0.0,157500.0,0.0,0.0,0.0,0.0,0.0,0.0,0.0,26500.0,5266020.168144869,0.0,0.0,0.0,0.0,False,0.0,0.0,0.0,0.0,0.0,0.0,0.0,0.0,0.0,False,0.0,0.0,False,0.0,0.0,0.0,0.0,2.0,1.0
2068,77,76,VOO/S&P 500,Retired from primary job,Stay-at-home / income stopped,5266020.168144869,5513867.305148652,247847.13700378314,521345.933469603,0.0,0.0,0.0,0.0,0.0,0.0,0.0,0.0,0.0,0.0,0.0,0.0,0.0,273498.7964658199,0.0,,0.0,0.0,0.0,0.0,0.0,0.0,0.0,0.0,0.0,0.0,Daycare / paid childcare,0.0,0.0,0.0,0.0,0.0,,0.0,0.0,0.0,0,0,0,0.0,0.0,0.0,0.0,0.0,0.0,0.0,0.0,0.0,0.0,0.0,0.0,0.0,0.0,0.0,0.0,0.0,0.0,0.0,0.0,0.0,0.0,0.0,0.0,2.0,0.0,0.0,21722.747227900127,0.0,0.0,0.0,0.0,0.0,521345.9334696028,0.0,0.0,0.0,0.0,26060.833448841586,68374.69911645497,0.0,0.0,0.0,0.0,0.0,273498.7964658199,0.0,0.0,0.0,0.0,0.0,0.0,0.0,0.0,0.0,5461306.471699811,5461306.471699811,2573893.864162175,25955.219201488664,38945.879333822166,3000.0,4025131.893955742,19000.0,157500.0,0.0,157500.0,0.0,0.0,0.0,0.0,0.0,0.0,0.0,26500.0,5513867.305148652,0.0,0.0,0.0,0.0,False,0.0,0.0,0.0,0.0,0.0,0.0,0.0,0.0,0.0,False,0.0,0.0,False,0.0,0.0,0.0,0.0,2.0,1.0
2069,78,77,VOO/S&P 500,Retired from primary job,Stay-at-home / income stopped,5513867.305148652,5778294.191958838,264426.8868101863,546130.6471699808,0.0,0.0,0.0,0.0,0.0,0.0,0.0,0.0,0.0,0.0,0.0,0.0,0.0,281703.7603597945,0.0,,0.0,0.0,0.0,0.0,0.0,0.0,0.0,0.0,0.0,0.0,Daycare / paid childcare,0.0,0.0,0.0,0.0,0.0,,0.0,0.0,0.0,0,0,0,0.0,0.0,0.0,0.0,0.0,0.0,0.0,0.0,0.0,0.0,0.0,0.0,0.0,0.0,0.0,0.0,0.0,0.0,0.0,0.0,0.0,0.0,0.0,0.0,2.0,0.0,0.0,22755.443632082533,0.0,0.0,0.0,0.0,0.0,546130.647169981,0.0,0.0,0.0,0.0,26060.833448841586,70425.94008994862,0.0,0.0,0.0,0.0,0.0,281703.7603597945,0.0,0.0,0.0,0.0,0.0,0.0,0.0,0.0,0.0,5725733.358509997,5725733.358509997,2831283.2505783928,26733.875777533325,40503.71450717505,3000.0,4427645.083351317,19000.0,157500.0,0.0,157500.0,0.0,0.0,0.0,0.0,0.0,0.0,0.0,26500.0,5778294.191958838,0.0,0.0,0.0,0.0,False,0.0,0.0,0.0,0.0,0.0,0.0,0.0,0.0,0.0,False,0.0,0.0,False,0.0,0.0,0.0,0.0,2.0,1.0
2070,79,78,VOO/S&P 500,Retired from primary job,Stay-at-home / income stopped,5778294.191958838,6060712.65463925,282418.4626804115,572573.3358509998,0.0,0.0,0.0,0.0,0.0,0.0,0.0,0.0,0.0,0.0,0.0,0.0,0.0,290154.8731705883,0.0,,0.0,0.0,0.0,0.0,0.0,0.0,0.0,0.0,0.0,0.0,Daycare / paid childcare,0.0,0.0,0.0,0.0,0.0,,0.0,0.0,0.0,0,0,0,0.0,0.0,0.0,0.0,0.0,0.0,0.0,0.0,0.0,0.0,0.0,0.0,0.0,0.0,0.0,0.0,0.0,0.0,0.0,0.0,0.0,0.0,0.0,0.0,2.0,0.0,0.0,23857.222327124993,0.0,0.0,0.0,0.0,0.0,572573.3358509997,0.0,0.0,0.0,0.0,26060.833448841586,72538.71829264707,0.0,0.0,0.0,0.0,0.0,290154.8731705883,0.0,0.0,0.0,0.0,0.0,0.0,0.0,0.0,0.0,6008151.821190408,6008151.821190408,3114411.5756362327,27535.892050859326,42123.86308746206,3000.0,4870409.591686449,19000.0,157500.0,0.0,157500.0,0.0,0.0,0.0,0.0,0.0,0.0,0.0,26500.0,6060712.65463925,0.0,0.0,0.0,0.0,False,0.0,0.0,0.0,0.0,0.0,0.0,0.0,0.0,0.0,False,0.0,0.0,False,0.0,0.0,0.0,0.0,2.0,1.0
2071,80,79,VOO/S&P 500,Retired from primary job,Stay-at-home / income stopped,6060712.65463925,6362668.317392585,301955.6627533352,600815.1821190411,0.0,0.0,0.0,0.0,0.0,0.0,0.0,0.0,0.0,0.0,0.0,0.0,0.0,298859.5193657059,0.0,,0.0,0.0,0.0,0.0,0.0,0.0,0.0,0.0,0.0,0.0,Daycare / paid childcare,0.0,0.0,0.0,0.0,0.0,,0.0,0.0,0.0,0,0,0,0.0,0.0,0.0,0.0,0.0,0.0,0.0,0.0,0.0,0.0,0.0,0.0,0.0,0.0,0.0,0.0,0.0,0.0,0.0,0.0,0.0,0.0,0.0,0.0,2.0,0.0,0.0,25033.965921626714,0.0,0.0,0.0,0.0,0.0,600815.1821190409,0.0,0.0,0.0,0.0,26060.833448841586,74714.87984142647,0.0,0.0,0.0,0.0,0.0,298859.5193657059,0.0,0.0,0.0,0.0,0.0,0.0,0.0,0.0,0.0,6310107.483943744,6310107.483943744,3425852.7331998562,28361.968812385105,43808.81761096054,3000.0,5357450.550855094,19000.0,157500.0,0.0,157500.0,0.0,0.0,0.0,0.0,0.0,0.0,0.0,26500.0,6362668.317392585,0.0,0.0,0.0,0.0,False,0.0,0.0,0.0,0.0,0.0,0.0,0.0,0.0,0.0,False,0.0,0.0,False,0.0,0.0,0.0,0.0,2.0,1.0
2072,81,80,VOO/S&P 500,Retired from primary job,Stay-at-home / income stopped,6362668.317392585,6685853.760840283,323185.4434476979,631010.748394375,0.0,0.0,0.0,0.0,0.0,0.0,0.0,0.0,0.0,0.0,0.0,0.0,0.0,307825.3049466771,0.0,,0.0,0.0,0.0,0.0,0.0,0.0,0.0,0.0,0.0,0.0,Daycare / paid childcare,0.0,0.0,0.0,0.0,0.0,,0.0,0.0,0.0,0,0,0,0.0,0.0,0.0,0.0,0.0,0.0,0.0,0.0,0.0,0.0,0.0,0.0,0.0,0.0,0.0,0.0,0.0,0.0,0.0,0.0,0.0,0.0,0.0,0.0,2.0,0.0,0.0,26292.11451643229,0.0,0.0,0.0,0.0,0.0,631010.7483943744,0.0,0.0,0.0,0.0,26060.833448841586,76956.32623666928,0.0,0.0,0.0,0.0,0.0,307825.3049466771,0.0,0.0,0.0,0.0,0.0,0.0,0.0,0.0,0.0,6633292.927391442,6633292.927391442,3768438.006519842,29212.82787675666,45561.170315398966,3000.0,5893195.605940604,19000.0,157500.0,0.0,157500.0,0.0,0.0,0.0,0.0,0.0,0.0,0.0,26500.0,6685853.760840283,0.0,0.0,0.0,0.0,False,0.0,0.0,0.0,0.0,0.0,0.0,0.0,0.0,0.0,False,0.0,0.0,False,0.0,0.0,0.0,0.0,2.0,1.0
2073,82,81,VOO/S&P 500,Retired from primary job,Stay-at-home / income stopped,6685853.760840283,7032122.98948435,346269.2286440674,663329.2927391449,0.0,0.0,0.0,0.0,0.0,0.0,0.0,0.0,0.0,0.0,0.0,0.0,0.0,317060.06409507745,0.0,,0.0,0.0,0.0,0.0,0.0,0.0,0.0,0.0,0.0,0.0,Daycare / paid childcare,0.0,0.0,0.0,0.0,0.0,,0.0,0.0,0.0,0,0,0,0.0,0.0,0.0,0.0,0.0,0.0,0.0,0.0,0.0,0.0,0.0,0.0,0.0,0.0,0.0,0.0,0.0,0.0,0.0,0.0,0.0,0.0,0.0,0.0,2.0,0.0,0.0,27638.720530797702,0.0,0.0,0.0,0.0,0.0,663329.2927391442,0.0,0.0,0.0,0.0,26060.833448841586,79265.01602376936,0.0,0.0,0.0,0.0,0.0,317060.06409507745,0.0,0.0,0.0,0.0,0.0,0.0,0.0,0.0,0.0,6979562.156035509,6979562.156035509,4145281.807171826,30089.212713059358,47383.61712801492,3000.0,6482515.166534664,19000.0,157500.0,0.0,157500.0,0.0,0.0,0.0,0.0,0.0,0.0,0.0,26500.0,7032122.98948435,0.0,0.0,0.0,0.0,False,0.0,0.0,0.0,0.0,0.0,0.0,0.0,0.0,0.0,False,0.0,0.0,False,0.0,0.0,0.0,0.0,2.0,1.0
2074,83,82,VOO/S&P 500,Retired from primary job,Stay-at-home / income stopped,7032122.98948435,7403507.339069971,371384.3495856207,697956.2156035504,0.0,0.0,0.0,0.0,0.0,0.0,0.0,0.0,0.0,0.0,0.0,0.0,0.0,326571.8660179298,0.0,,0.0,0.0,0.0,0.0,0.0,0.0,0.0,0.0,0.0,0.0,Daycare / paid childcare,0.0,0.0,0.0,0.0,0.0,,0.0,0.0,0.0,0,0,0,0.0,0.0,0.0,0.0,0.0,0.0,0.0,0.0,0.0,0.0,0.0,0.0,0.0,0.0,0.0,0.0,0.0,0.0,0.0,0.0,0.0,0.0,0.0,0.0,2.0,0.0,0.0,29081.508983481268,0.0,0.0,0.0,0.0,0.0,697956.2156035509,0.0,0.0,0.0,0.0,26060.833448841586,81642.96650448245,0.0,0.0,0.0,0.0,0.0,326571.8660179298,0.0,0.0,0.0,0.0,0.0,0.0,0.0,0.0,0.0,7350946.50562113,7350946.50562113,4559809.9878890095,30991.88909445114,49278.96181313552,3000.0,7130766.683188132,19000.0,157500.0,0.0,157500.0,0.0,0.0,0.0,0.0,0.0,0.0,0.0,26500.0,7403507.339069971,0.0,0.0,0.0,0.0,False,0.0,0.0,0.0,0.0,0.0,0.0,0.0,0.0,0.0,False,0.0,0.0,False,0.0,0.0,0.0,0.0,2.0,1.0
2075,84,83,VOO/S&P 500,Retired from primary job,Stay-at-home / income stopped,7403507.339069971,7802232.967633616,398725.6285636453,735094.650562113,0.0,0.0,0.0,0.0,0.0,0.0,0.0,0.0,0.0,0.0,0.0,0.0,0.0,336369.02199846774,5.820766091346741e-11,,0.0,0.0,0.0,0.0,0.0,0.0,0.0,0.0,0.0,0.0,Daycare / paid childcare,0.0,0.0,0.0,0.0,0.0,,0.0,0.0,0.0,0,0,0,0.0,0.0,0.0,0.0,0.0,0.0,0.0,0.0,0.0,0.0,0.0,0.0,0.0,0.0,0.0,0.0,0.0,0.0,0.0,0.0,0.0,0.0,0.0,0.0,2.0,0.0,0.0,30628.943773421375,0.0,0.0,0.0,0.0,0.0,735094.650562113,0.0,0.0,0.0,0.0,26060.833448841586,84092.25549961693,0.0,0.0,0.0,0.0,0.0,336369.02199846774,0.0,0.0,0.0,0.0,0.0,0.0,0.0,0.0,0.0,7749672.134184775,7749672.134184775,5015790.986677911,31921.645767284674,51250.120285660945,3000.0,7843843.351506946,19000.0,157500.0,0.0,157500.0,0.0,0.0,0.0,0.0,0.0,0.0,0.0,26500.0,7802232.967633616,0.0,0.0,0.0,0.0,False,0.0,0.0,0.0,0.0,0.0,0.0,0.0,0.0,0.0,False,0.0,0.0,False,0.0,0.0,0.0,0.0,2.0,1.0
2076,85,84,VOO/S&P 500,Retired from primary job,Stay-at-home / income stopped,7802232.967633616,8230740.088393671,428507.12076005526,774967.213418477,0.0,0.0,0.0,0.0,0.0,0.0,0.0,0.0,0.0,0.0,0.0,0.0,0.0,346460.0926584217,0.0,,0.0,0.0,0.0,0.0,0.0,0.0,0.0,0.0,0.0,0.0,Daycare / paid childcare,0.0,0.0,0.0,0.0,0.0,,0.0,0.0,0.0,0,0,0,0.0,0.0,0.0,0.0,0.0,0.0,0.0,0.0,0.0,0.0,0.0,0.0,0.0,0.0,0.0,0.0,0.0,0.0,0.0,0.0,0.0,0.0,0.0,0.0,2.0,0.0,0.0,32290.30055910321,0.0,0.0,0.0,0.0,0.0,774967.2134184776,0.0,0.0,0.0,0.0,26060.833448841586,86615.02316460543,0.0,0.0,0.0,0.0,0.0,346460.0926584217,0.0,0.0,0.0,0.0,0.0,0.0,0.0,0.0,0.0,8178179.25494483,8178179.25494483,5517370.085345702,32879.29514030322,53300.12509708738,3000.0,8628227.686657641,19000.0,157500.0,0.0,157500.0,0.0,0.0,0.0,0.0,0.0,0.0,0.0,26500.0,8230740.088393671,0.0,0.0,0.0,0.0,False,0.0,0.0,0.0,0.0,0.0,0.0,0.0,0.0,0.0,False,0.0,0.0,False,0.0,0.0,0.0,0.0,2.0,1.0
2077,86,85,VOO/S&P 500,Retired from primary job,Stay-at-home / income stopped,8230740.088393671,8691704.118449982,460964.0300563108,817817.9254944853,0.0,0.0,0.0,0.0,0.0,0.0,0.0,0.0,0.0,0.0,0.0,0.0,0.0,356853.8954381744,0.0,,0.0,0.0,0.0,0.0,0.0,0.0,0.0,0.0,0.0,0.0,Daycare / paid childcare,0.0,0.0,0.0,0.0,0.0,,0.0,0.0,0.0,0,0,0,0.0,0.0,0.0,0.0,0.0,0.0,0.0,0.0,0.0,0.0,0.0,0.0,0.0,0.0,0.0,0.0,0.0,0.0,0.0,0.0,0.0,0.0,0.0,0.0,2.0,0.0,0.0,34075.74689560355,0.0,0.0,0.0,0.0,0.0,817817.9254944831,0.0,0.0,0.0,0.0,26060.833448841586,89213.4738595436,0.0,0.0,0.0,0.0,0.0,356853.8954381744,0.0,0.0,0.0,0.0,0.0,0.0,0.0,0.0,0.0,8639143.28500114,8639143.28500114,6069107.093880273,33865.67399451231,55432.13010097088,3000.0,9491050.455323406,19000.0,157500.0,0.0,157500.0,0.0,0.0,0.0,0.0,0.0,0.0,0.0,26500.0,8691704.118449982,0.0,0.0,0.0,0.0,False,0.0,0.0,0.0,0.0,0.0,0.0,0.0,0.0,0.0,False,0.0,0.0,False,0.0,0.0,0.0,0.0,2.0,1.0
2078,87,86,VOO/S&P 500,Retired from primary job,Stay-at-home / income stopped,8691704.118449982,9188058.934648776,496354.8161987942,863914.3285001139,0.0,0.0,0.0,0.0,0.0,0.0,0.0,0.0,0.0,0.0,0.0,0.0,0.0,367559.5123013197,5.820766091346741e-11,,0.0,0.0,0.0,0.0,0.0,0.0,0.0,0.0,0.0,0.0,Daycare / paid childcare,0.0,0.0,0.0,0.0,0.0,,0.0,0.0,0.0,0,0,0,0.0,0.0,0.0,0.0,0.0,0.0,0.0,0.0,0.0,0.0,0.0,0.0,0.0,0.0,0.0,0.0,0.0,0.0,0.0,0.0,0.0,0.0,0.0,0.0,2.0,0.0,0.0,35996.43035417141,0.0,0.0,0.0,0.0,0.0,863914.328500114,0.0,0.0,0.0,0.0,26060.833448841586,91889.87807532992,0.0,0.0,0.0,0.0,0.0,367559.5123013197,0.0,0.0,0.0,0.0,0.0,0.0,0.0,0.0,0.0,9135498.101199934,9135498.101199934,6676017.8032683,34881.64421434768,57649.415305009716,3000.0,10440155.500855748,19000.0,157500.0,0.0,157500.0,0.0,0.0,0.0,0.0,0.0,0.0,0.0,26500.0,9188058.934648776,0.0,0.0,0.0,0.0,False,0.0,0.0,0.0,0.0,0.0,0.0,0.0,0.0,0.0,False,0.0,0.0,False,0.0,0.0,0.0,0.0,2.0,1.0
2079,88,87,VOO/S&P 500,Retired from primary job,Stay-at-home / income stopped,9188058.934648776,9723022.447098412,534963.5124496352,913549.8101199945,0.0,0.0,0.0,0.0,0.0,0.0,0.0,0.0,0.0,0.0,0.0,0.0,0.0,378586.2976703592,0.0,,0.0,0.0,0.0,0.0,0.0,0.0,0.0,0.0,0.0,0.0,Daycare / paid childcare,0.0,0.0,0.0,0.0,0.0,,0.0,0.0,0.0,0,0,0,0.0,0.0,0.0,0.0,0.0,0.0,0.0,0.0,0.0,0.0,0.0,0.0,0.0,0.0,0.0,0.0,0.0,0.0,0.0,0.0,0.0,0.0,0.0,0.0,2.0,0.0,0.0,38064.575421666435,0.0,0.0,0.0,0.0,0.0,913549.8101199935,0.0,0.0,0.0,0.0,26060.833448841586,94646.5744175898,0.0,0.0,0.0,0.0,0.0,378586.2976703592,0.0,0.0,0.0,0.0,0.0,0.0,0.0,0.0,0.0,9670461.61364957,9670461.61364957,7343619.583595131,35928.093540778114,59955.3919172101,3000.0,11484171.050941322,19000.0,157500.0,0.0,157500.0,0.0,0.0,0.0,0.0,0.0,0.0,0.0,26500.0,9723022.447098412,0.0,0.0,0.0,0.0,False,0.0,0.0,0.0,0.0,0.0,0.0,0.0,0.0,0.0,False,0.0,0.0,False,0.0,0.0,0.0,0.0,2.0,1.0
2080,89,88,VOO/S&P 500,Retired from primary job,Stay-at-home / income stopped,9723022.447098412,10300124.7218629,577102.2747644875,967046.1613649577,0.0,0.0,0.0,0.0,0.0,0.0,0.0,0.0,0.0,0.0,0.0,0.0,0.0,389943.8866004701,5.820766091346741e-11,,0.0,0.0,0.0,0.0,0.0,0.0,0.0,0.0,0.0,0.0,Daycare / paid childcare,0.0,0.0,0.0,0.0,0.0,,0.0,0.0,0.0,0,0,0,0.0,0.0,0.0,0.0,0.0,0.0,0.0,0.0,0.0,0.0,0.0,0.0,0.0,0.0,0.0,0.0,0.0,0.0,0.0,0.0,0.0,0.0,0.0,0.0,2.0,0.0,0.0,40293.59005687324,0.0,0.0,0.0,0.0,0.0,967046.161364957,0.0,0.0,0.0,0.0,26060.833448841586,97485.97165011753,0.0,0.0,0.0,0.0,0.0,389943.8866004701,0.0,0.0,0.0,0.0,0.0,0.0,0.0,0.0,0.0,10247563.888414057,10247563.888414057,8077981.541954645,37005.936347001465,62353.607593898516,3000.0,12632588.156035457,19000.0,157500.0,0.0,157500.0,0.0,0.0,0.0,0.0,0.0,0.0,0.0,26500.0,10300124.7218629,0.0,0.0,0.0,0.0,False,0.0,0.0,0.0,0.0,0.0,0.0,0.0,0.0,0.0,False,0.0,0.0,False,0.0,0.0,0.0,0.0,2.0,1.0
2081,90,89,VOO/S&P 500,Retired from primary job,Stay-at-home / income stopped,10300124.7218629,10923238.90750582,623114.1856429204,1024756.3888414046,0.0,0.0,0.0,0.0,0.0,0.0,0.0,0.0,0.0,0.0,0.0,0.0,0.0,401642.2031984842,5.820766091346741e-11,,0.0,0.0,0.0,0.0,0.0,0.0,0.0,0.0,0.0,0.0,Daycare / paid childcare,0.0,0.0,0.0,0.0,0.0,,0.0,0.0,0.0,0,0,0,0.0,0.0,0.0,0.0,0.0,0.0,0.0,0.0,0.0,0.0,0.0,0.0,0.0,0.0,0.0,0.0,0.0,0.0,0.0,0.0,0.0,0.0,0.0,0.0,2.0,0.0,0.0,42698.18286839186,0.0,0.0,0.0,0.0,0.0,1024756.3888414057,0.0,0.0,0.0,0.0,26060.833448841586,100410.55079962107,0.0,0.0,0.0,0.0,0.0,401642.2031984842,0.0,0.0,0.0,0.0,0.0,0.0,0.0,0.0,0.0,10870678.074056977,10870678.074056977,8885779.69615011,38116.1144374115,64847.75189765445,3000.0,13895846.971639002,19000.0,157500.0,0.0,157500.0,0.0,0.0,0.0,0.0,0.0,0.0,0.0,26500.0,10923238.90750582,0.0,0.0,0.0,0.0,False,0.0,0.0,0.0,0.0,0.0,0.0,0.0,0.0,0.0,False,0.0,0.0,False,0.0,0.0,0.0,0.0,2.0,1.0
2082,91,90,VOO/S&P 500,Retired from primary job,Stay-at-home / income stopped,10923238.90750582,11596615.245617079,673376.338111259,1087067.8074056976,0.0,0.0,0.0,0.0,0.0,0.0,0.0,0.0,0.0,0.0,0.0,0.0,0.0,413691.46929443866,0.0,,0.0,0.0,0.0,0.0,0.0,0.0,0.0,0.0,0.0,0.0,Daycare / paid childcare,0.0,0.0,0.0,0.0,0.0,,0.0,0.0,0.0,0,0,0,0.0,0.0,0.0,0.0,0.0,0.0,0.0,0.0,0.0,0.0,0.0,0.0,0.0,0.0,0.0,0.0,0.0,0.0,0.0,0.0,0.0,0.0,0.0,0.0,2.0,0.0,0.0,45294.491975237404,0.0,0.0,0.0,0.0,0.0,1087067.8074056979,0.0,0.0,0.0,0.0,26060.833448841586,103422.86732360967,0.0,0.0,0.0,0.0,0.0,413691.46929443866,0.0,0.0,0.0,0.0,0.0,0.0,0.0,0.0,0.0,11544054.412168236,11544054.412168236,9774357.665765122,39259.59787053386,67441.66197356064,3000.0,15285431.668802904,19000.0,157500.0,0.0,157500.0,0.0,0.0,0.0,0.0,0.0,0.0,0.0,26500.0,11596615.245617079,0.0,0.0,0.0,0.0,False,0.0,0.0,0.0,0.0,0.0,0.0,0.0,0.0,0.0,False,0.0,0.0,False,0.0,0.0,0.0,0.0,2.0,1.0
2083,92,91,VOO/S&P 500,Retired from primary job,Stay-at-home / income stopped,11596615.245617079,12324918.473460631,728303.2278435528,1154405.4412168248,0.0,0.0,0.0,0.0,0.0,0.0,0.0,0.0,0.0,0.0,0.0,0.0,0.0,426102.2133732719,0.0,,0.0,0.0,0.0,0.0,0.0,0.0,0.0,0.0,0.0,0.0,Daycare / paid childcare,0.0,0.0,0.0,0.0,0.0,,0.0,0.0,0.0,0,0,0,0.0,0.0,0.0,0.0,0.0,0.0,0.0,0.0,0.0,0.0,0.0,0.0,0.0,0.0,0.0,0.0,0.0,0.0,0.0,0.0,0.0,0.0,0.0,0.0,2.0,0.0,0.0,48100.2267173677,0.0,0.0,0.0,0.0,0.0,1154405.4412168236,0.0,0.0,0.0,0.0,26060.833448841586,106525.55334331797,0.0,0.0,0.0,0.0,0.0,426102.2133732719,0.0,0.0,0.0,0.0,0.0,0.0,0.0,0.0,0.0,12272357.64001179,12272357.64001179,10751793.432341635,40437.38580664987,70139.32845250306,3000.0,16813974.835683193,19000.0,157500.0,0.0,157500.0,0.0,0.0,0.0,0.0,0.0,0.0,0.0,26500.0,12324918.473460631,0.0,0.0,0.0,0.0,False,0.0,0.0,0.0,0.0,0.0,0.0,0.0,0.0,0.0,False,0.0,0.0,False,0.0,0.0,0.0,0.0,2.0,1.0
2084,93,92,VOO/S&P 500,Retired from primary job,Stay-at-home / income stopped,12324918.473460631,13113268.95768734,788350.4842267092,1227235.7640011793,0.0,0.0,0.0,0.0,0.0,0.0,0.0,0.0,0.0,0.0,0.0,0.0,0.0,438885.27977447,0.0,,0.0,0.0,0.0,0.0,0.0,0.0,0.0,0.0,0.0,0.0,Daycare / paid childcare,0.0,0.0,0.0,0.0,0.0,,0.0,0.0,0.0,0,0,0,0.0,0.0,0.0,0.0,0.0,0.0,0.0,0.0,0.0,0.0,0.0,0.0,0.0,0.0,0.0,0.0,0.0,0.0,0.0,0.0,0.0,0.0,0.0,0.0,2.0,0.0,0.0,51134.82350004913,0.0,0.0,0.0,0.0,0.0,1227235.764001179,0.0,0.0,0.0,0.0,26060.833448841586,109721.3199436175,0.0,0.0,0.0,0.0,0.0,438885.27977447,0.0,0.0,0.0,0.0,0.0,0.0,0.0,0.0,0.0,13060708.124238499,13060708.124238499,11826972.7755758,41650.50738084936,72944.90159060319,3000.0,18495372.31925152,19000.0,157500.0,0.0,157500.0,0.0,0.0,0.0,0.0,0.0,0.0,0.0,26500.0,13113268.95768734,0.0,0.0,0.0,0.0,False,0.0,0.0,0.0,0.0,0.0,0.0,0.0,0.0,0.0,False,0.0,0.0,False,0.0,0.0,0.0,0.0,2.0,1.0
2085,94,93,VOO/S&P 500,Retired from primary job,Stay-at-home / income stopped,13113268.95768734,13967287.931943486,854018.9742561448,1306070.812423849,0.0,0.0,0.0,0.0,0.0,0.0,0.0,0.0,0.0,0.0,0.0,0.0,0.0,452051.8381677042,0.0,,0.0,0.0,0.0,0.0,0.0,0.0,0.0,0.0,0.0,0.0,Daycare / paid childcare,0.0,0.0,0.0,0.0,0.0,,0.0,0.0,0.0,0,0,0,0.0,0.0,0.0,0.0,0.0,0.0,0.0,0.0,0.0,0.0,0.0,0.0,0.0,0.0,0.0,0.0,0.0,0.0,0.0,0.0,0.0,0.0,0.0,0.0,2.0,0.0,0.0,54419.61718432704,0.0,0.0,0.0,0.0,0.0,1306070.81242385,0.0,0.0,0.0,0.0,26060.833448841586,113012.95954192604,0.0,0.0,0.0,0.0,0.0,452051.8381677042,0.0,0.0,0.0,0.0,0.0,0.0,0.0,0.0,0.0,13914727.098494643,13914727.098494643,13009670.053133382,42900.02260227485,75862.69765422732,3000.0,20344909.55117667,19000.0,157500.0,0.0,157500.0,0.0,0.0,0.0,0.0,0.0,0.0,0.0,26500.0,13967287.931943486,0.0,0.0,0.0,0.0,False,0.0,0.0,0.0,0.0,0.0,0.0,0.0,0.0,0.0,False,0.0,0.0,False,0.0,0.0,0.0,0.0,2.0,1.0
2086,95,94,VOO/S&P 500,Retired from primary job,Stay-at-home / income stopped,13967287.931943486,14893147.248480214,925859.3165367283,1391472.7098494635,0.0,0.0,0.0,0.0,0.0,0.0,0.0,0.0,0.0,0.0,0.0,0.0,0.0,465613.3933127353,0.0,,0.0,0.0,0.0,0.0,0.0,0.0,0.0,0.0,0.0,0.0,Daycare / paid childcare,0.0,0.0,0.0,0.0,0.0,,0.0,0.0,0.0,0,0,0,0.0,0.0,0.0,0.0,0.0,0.0,0.0,0.0,0.0,0.0,0.0,0.0,0.0,0.0,0.0,0.0,0.0,0.0,0.0,0.0,0.0,0.0,0.0,0.0,2.0,0.0,0.0,57978.02957706098,0.0,0.0,0.0,0.0,0.0,1391472.7098494645,0.0,0.0,0.0,0.0,26060.833448841586,116403.34832818381,0.0,0.0,0.0,0.0,0.0,465613.3933127353,0.0,0.0,0.0,0.0,0.0,0.0,0.0,0.0,0.0,14840586.415031372,14840586.415031372,14310637.058446718,44187.0232803431,78897.20556039641,3000.0,22379400.506294336,19000.0,157500.0,0.0,157500.0,0.0,0.0,0.0,0.0,0.0,0.0,0.0,26500.0,14893147.248480214,0.0,0.0,0.0,0.0,False,0.0,0.0,0.0,0.0,0.0,0.0,0.0,0.0,0.0,False,0.0,0.0,False,0.0,0.0,0.0,0.0,2.0,1.0
